item_id,source_id,domain,topic,title,section_heading,intended_use,medical_scope,char_count,source_url,text_preview_800,review_decision,reviewer_notes
nhs_blood_tests_overview_v1_4__cand_001__blood_tests,nhs_blood_tests_overview_v1_4,nhs.uk,general_lab_tests_blood_tests,Blood tests,Blood tests,screening_context,general blood tests,876,https://www.nhs.uk/tests-and-treatments/blood-tests/,"Blood tests A blood test is often done to check your health, or to find out why you're having certain symptoms. It involves having a small amount of your blood taken for testing. Why a blood test is done There are lots of reasons why you may need a blood test. A blood test may be done to: check your general health find out if symptoms you're having are caused by certain conditions find out if you're more likely to get a condition find out how well a condition is being treated or managed How to book a blood test If a healthcare professional such as a GP, nurse or specialist thinks you need a blood test they will tell you how to book one. Some GP surgeries or hospitals allow you to book a blood test online. Types of blood test Blood tests can check for different things depending on your symp",approve,"Duyệt: nội dung khái quát về xét nghiệm máu rõ ràng, phù hợp làm KB item giáo dục chung."
nhs_blood_tests_overview_v1_4__cand_002__common_types_of_blood_test,nhs_blood_tests_overview_v1_4,nhs.uk,general_lab_tests_blood_tests,Blood tests,Common types of blood test,screening_context,general blood tests,861,https://www.nhs.uk/tests-and-treatments/blood-tests/,"Common types of blood test Test Why it's done Full blood count (FBC) Measures the number of blood cells in your blood to check for blood conditions such as iron deficiency anaemia Blood glucose Measures your blood sugar levels to check for or manage diabetes Urea and electrolytes, or renal panel Checks if the amount of certain substances in your blood may be causing your symptoms Lipid profile Measures your cholesterol levels to check your risk of getting conditions like cardiovascular disease and stroke Total protein test Measures protein in your blood to check for problems with your liver or kidneys Thyroid stimulating hormone (TSH) Measures thyroid hormones to check for conditions like underactive thyroid (hypothyroidism) Information: More information Find out more about types of blood ",approve,"Duyệt: mô tả quy trình lấy mẫu máu ngắn gọn, hữu ích cho phần giải thích trải nghiệm xét nghiệm."
nhs_blood_tests_overview_v1_4__cand_003__preparing_for_a_blood_test,nhs_blood_tests_overview_v1_4,nhs.uk,general_lab_tests_blood_tests,Blood tests,Preparing for a blood test,preparation_guidance,general blood tests,1210,https://www.nhs.uk/tests-and-treatments/blood-tests/,"Preparing for a blood test The GP, nurse, or specialist should tell you if you need to do anything to prepare for a blood test. For example, for a short time before some tests, you may need to: not eat or drink anything other than water (fast) stop taking certain medicines, such as medicines to help prevent blood clots (anticoagulant medicines) What happens at a blood test A blood test is usually done at a GP surgery or hospital. The test usually takes about 10 minutes. A healthcare professional will take a small amount of blood, usually from the inside of your elbow, using a needle. Sometimes blood may be taken from your wrist, or your finger (called a finger-prick test). A soft strap (tourniquet) may be put around your arm first. This helps to make taking blood easier. You’ll feel a scra",revise,"Giữ nhưng cần tách/gọt: đang gộp chuẩn bị, rủi ro và đọc kết quả; nên chuẩn hóa thành item ngắn về “chuẩn bị và hiểu kết quả xét nghiệm máu”."
nhs_blood_tests_overview_v1_4__cand_004__if_you_re_worried_about_needles,nhs_blood_tests_overview_v1_4,nhs.uk,general_lab_tests_blood_tests,Blood tests,If you're worried about needles,result_boundary,general blood tests,1159,https://www.nhs.uk/tests-and-treatments/blood-tests/,"If you're worried about needles Tell the healthcare professional doing your blood test if you're worried about needles. They can help you feel more comfortable during the test. You can also bring someone with you to the blood test to support you. Getting your blood test results You may get your blood test results after a few days, and usually within a few weeks. If you do not hear anything after a few weeks, contact the GP surgery or specialist. The GP, nurse, or specialist should talk to you about your results and explain what happens next. Some GP surgeries do not contact you unless they need to discuss the results with you. If your results do not show anything, you may not need to do anything else. Sometimes you may need other tests, depending on why you had the blood test. Blood test r",approve,"Duyệt: nội dung hỗ trợ người sợ kim tiêm và nhắc không tự diễn giải kết quả, phù hợp UX an toàn."
medlineplus_blood_testing_overview_v1_4__cand_001__what_you_need_to_know_about_blood_testing,medlineplus_blood_testing_overview_v1_4,medlineplus.gov,general_lab_tests_routine_blood_testing,What You Need to Know About Blood Testing,What You Need to Know About Blood Testing,result_boundary,general blood tests,1790,https://medlineplus.gov/lab-tests/what-you-need-to-know-about-blood-testing/,"What You Need to Know About Blood Testing What are blood tests? Blood tests are used to measure or look at cells, chemicals, proteins, or other substances in your blood . Blood testing, also known as blood work, is one of the most common types of lab tests. Blood work is often included as part of a regular checkup . Blood tests are also used to: Help diagnose certain diseases and conditions. Monitor a chronic (long-lasting) disease or condition, such as diabetes or high cholesterol . Find out if treatment for a disease is working. Check how well your organs are working. Your organs include your liver, kidneys, heart, and thyroid. Help diagnose bleeding or clotting disorders. Find out if your immune system is having trouble fighting infections. What are the different types of blood tests? T",revise,"Giữ nhưng cần biên tập: nội dung rộng, nên tách riêng nhóm “các loại xét nghiệm máu” và “xét nghiệm định kỳ”."
medlineplus_blood_testing_overview_v1_4__cand_002__what_happens_during_a_blood_test,medlineplus_blood_testing_overview_v1_4,medlineplus.gov,general_lab_tests_routine_blood_testing,What You Need to Know About Blood Testing,What happens during a blood test?,result_boundary,general blood tests,1573,https://medlineplus.gov/lab-tests/what-you-need-to-know-about-blood-testing/,"What happens during a blood test? A health care provider will need to take a sample of your blood. This is also called a blood draw. When a blood draw is taken from a vein, it's known as venipuncture. During venipuncture , a lab professional, known as a phlebotomist, will take a blood sample from a vein in your arm, using a small needle. After the needle is inserted, a small amount of blood will be collected into a test tube or vial. You may feel a little sting when the needle goes in or out. This usually takes less than five minutes. Venipuncture is the most common way to do a blood test. Other ways to do a blood test are: A finger prick test. This test is done by pricking your fingertip to obtain a small amount of blood. Finger prick testing is often used for at-home test kits and rapid ",approve,"Duyệt: giải thích các loại xét nghiệm máu thường gặp và quy trình xét nghiệm, phù hợp giáo dục chung."
medlineplus_blood_testing_overview_v1_4__cand_003__will_i_need_to_do_anything_to_prepare_for_the_test,medlineplus_blood_testing_overview_v1_4,medlineplus.gov,general_lab_tests_routine_blood_testing,What You Need to Know About Blood Testing,Will I need to do anything to prepare for the test?,preparation_guidance,general blood tests,1150,https://medlineplus.gov/lab-tests/what-you-need-to-know-about-blood-testing/,"Will I need to do anything to prepare for the test? You don't need any special preparations for most blood tests. For some tests, you may need to fast (not eat or drink) for several hours before your test. You may need to stop taking certain medicines before your test, so tell your provider about everything you take. But don't stop taking any medicines unless your provider tells you to. Your provider will let you know if there are any special instructions to follow. Are there any risks to the test? There is very little risk to having a finger prick test or venipuncture. During venipuncture, you may have slight pain or bruising at the spot where the needle was put in, but most symptoms go away quickly. There is very little risk to your baby with a heel stick test. Your baby may feel a littl",approve,"Duyệt: nội dung về routine blood test rõ, hợp mục tiêu xét nghiệm tổng quát."
medlineplus_blood_testing_overview_v1_4__cand_004__is_there_anything_else_i_should_know_about_blood_testing,medlineplus_blood_testing_overview_v1_4,medlineplus.gov,general_lab_tests_routine_blood_testing,What You Need to Know About Blood Testing,Is there anything else I should know about blood testing?,result_boundary,general blood tests,521,https://medlineplus.gov/lab-tests/what-you-need-to-know-about-blood-testing/,"Is there anything else I should know about blood testing? Blood testing can provide important information about your health. But it doesn't always give enough information about your condition. If you've had blood work, you may also need other types of tests before your provider can make a diagnosis. To understand the results of your blood test, your provider may consider your symptoms, medical history, and the results of other tests. Learn more about laboratory tests, reference ranges, and understanding results .",approve,"Duyệt: nhấn mạnh phụ thuộc từng loại xét nghiệm và bối cảnh bác sĩ, phù hợp result-boundary."
medlineplus_prepare_lab_test_v1_4__cand_001__how_to_prepare_for_a_lab_test,medlineplus_prepare_lab_test_v1_4,medlineplus.gov,lab_preparation_fasting,How to Prepare for a Lab Test,How to Prepare for a Lab Test,result_boundary,liver function,1260,https://medlineplus.gov/lab-tests/how-to-prepare-for-a-lab-test/,"How to Prepare for a Lab Test How do I prepare for a lab test? A laboratory (lab) test is a procedure in which a health care provider takes a sample of your blood , urine , other body fluid, or body tissue to get information about your health. Lab tests may be used to: Help diagnose or screen for a specific disease or condition. Screening helps diagnose diseases before you have any symptoms. Monitor a disease or see if treatment is working. Give you more general information about your organs and body systems. Lab tests may be ordered with your annual checkup or preventative testing. For any type of lab test, you should prepare for it by: Following all the instructions given to you by your provider. Telling your provider or lab professional if you didn't follow these instructions exactly. I",revise,"Giữ nhưng cần chỉnh: phần chuẩn bị xét nghiệm hữu ích nhưng nên viết lại ngắn, tránh quá nhiều hướng dẫn chung của NHS."
medlineplus_prepare_lab_test_v1_4__cand_002__will_i_need_to_take_other_steps_to_prepare_for_my_lab_test,medlineplus_prepare_lab_test_v1_4,medlineplus.gov,lab_preparation_fasting,How to Prepare for a Lab Test,Will I need to take other steps to prepare for my lab test?,result_boundary,liver function,1554,https://medlineplus.gov/lab-tests/how-to-prepare-for-a-lab-test/,"Will I need to take other steps to prepare for my lab test? For many lab tests, you don't need to do anything other than answer questions from your provider and/or lab professional. But for others, you may need to do some specific preparations before the test. One of the most common lab test preparations is fasting . Fasting means you should not eat or drink anything except water for up to several hours or overnight before your test. This is done because nutrients and ingredients in food are absorbed in your bloodstream. These nutrients might still be in your bloodstream when you have your test and may change the results of certain blood tests. Fasting can help to improve the accuracy of your test results. The length of time you need to fast can vary. So if you do need to fast, make sure y",approve,"Duyệt: hướng dẫn khi chuẩn bị xét nghiệm và sử dụng thuốc khá thực tế, có thể dùng cho FAQ/prep guidance."
medlineplus_prepare_lab_test_v1_4__cand_003__what_types_of_lab_tests_require_special_preparation,medlineplus_prepare_lab_test_v1_4,medlineplus.gov,lab_preparation_fasting,How to Prepare for a Lab Test,What types of lab tests require special preparation?,preparation_guidance,liver function,912,https://medlineplus.gov/lab-tests/how-to-prepare-for-a-lab-test/,"What types of lab tests require special preparation? Some of the most common lab tests that require fasting include: Blood Glucose Test Cholesterol Levels Test Triglycerides Test Calcitonin Test Some of the most common lab tests that require other special preparations include: Creatinine Test , which may require fasting or avoiding cooked meats. Cortisol Test . For this test, you may need to rest for a bit before your sample is taken. You may also have to avoid eating, drinking, or brushing your teeth for a certain period of time before your test. Fecal Occult Blood Test . For this test, you may need to avoid certain foods or medicines. 5-HIAA Test. For this test, you may be asked to avoid various foods. These may include avocados, bananas, pineapples, walnuts, and eggplants. Pap Smear . A",approve,"Duyệt: mô tả tình huống phải nhịn ăn trước xét nghiệm rõ, phù hợp HomeLab."
medlineplus_prepare_lab_test_v1_4__cand_004__is_there_anything_else_i_should_know_about_preparing_for_a_lab_test,medlineplus_prepare_lab_test_v1_4,medlineplus.gov,lab_preparation_fasting,How to Prepare for a Lab Test,Is there anything else I should know about preparing for a lab test?,result_boundary,liver function,305,https://medlineplus.gov/lab-tests/how-to-prepare-for-a-lab-test/,Is there anything else I should know about preparing for a lab test? Talk to your provider if you have questions or concerns about test preparations. They will let you know if there are any special instructions to follow. Be sure you understand your preparation instructions before the day of your test.,approve,Duyệt: nội dung về thời gian có kết quả và đọc kết quả cùng bác sĩ phù hợp chính sách an toàn.
medlineplus_understand_lab_results_v1_4__cand_001__how_to_understand_your_lab_results,medlineplus_understand_lab_results_v1_4,medlineplus.gov,medical_result_explanation_boundary,How to Understand Your Lab Results,How to Understand Your Lab Results,result_boundary,medical result interpretation boundary,1490,https://medlineplus.gov/lab-tests/how-to-understand-your-lab-results/,"How to Understand Your Lab Results What is a laboratory test? A laboratory (lab) test checks a sample of your blood , urine (pee), or other body fluid or tissue to learn about your health. The sample is sent to a lab where health care professionals test it to see if it contains certain substances and, if so, how much. Some lab tests can clearly show whether you do or don't have a specific health condition. For example, a pregnancy test can show whether or not you are pregnant. Other lab tests provide more general information about your health and possible problems. A comprehensive metabolic panel (CMP) , for example, can give your health care provider a good idea of your overall physical health. Any abnormal results in these kinds of general lab tests can give your provider clues about the",approve,"Duyệt: cảnh báo không tự suy luận từ kết quả bất thường, phù hợp medical result boundary."
medlineplus_understand_lab_results_v1_4__cand_002__why_do_i_need_a_lab_test,medlineplus_understand_lab_results_v1_4,medlineplus.gov,medical_result_explanation_boundary,How to Understand Your Lab Results,Why do I need a lab test?,result_boundary,medical result interpretation boundary,1960,https://medlineplus.gov/lab-tests/how-to-understand-your-lab-results/,"Why do I need a lab test? Your provider may order a lab test to: Learn more about a specific part of your health. Get a general picture of your overall health. If your provider orders a test to learn more about a specific part of your health, they can use the results to: Diagnose or rule out a certain disease or condition , especially if you have symptoms. For example, if you're sick with a sore throat, swollen tonsils, and a fever, a strep A test can show you whether you're infected with the bacteria that causes strep throat . Monitor a condition and/or disease. Test results can help your provider see if your condition is getting better, worse, or staying the same. They can also tell your provider if your treatment is working. For example, a blood glucose test is often used to monitor dia",revise,"Giữ nhưng cần rút gọn: CBC overview dài, có thể tách thành “CBC là gì” và “CBC dùng để làm gì”."
medlineplus_understand_lab_results_v1_4__cand_003__what_is_a_reference_range,medlineplus_understand_lab_results_v1_4,medlineplus.gov,medical_result_explanation_boundary,How to Understand Your Lab Results,What is a reference range?,result_boundary,medical result interpretation boundary,2258,https://medlineplus.gov/lab-tests/how-to-understand-your-lab-results/,"What is a reference range? Lab test results are reported in different ways. Some results are a number. For example, your low-density lipoprotein (LDL) result for a cholesterol test may be 125 or 80. But how do you know what that number means? To answer that question, your lab report tells you whether your test result is in a normal range called a reference range or ""normal values."" A reference range is a set of numbers that form the high and low ends of the range of results that's considered to be normal. The ranges are based on the test results from large groups of healthy people. A test may have different reference ranges for different groups. For example, there may be separate ranges for children and adults. Because these ranges can vary, the term ""normal"" can be misleading. Reference r",approve,"Duyệt: giải thích lý do cần CBC và các tình huống sử dụng, phù hợp nhóm CBC/thiếu máu/nhiễm trùng."
medlineplus_understand_lab_results_v1_4__cand_004__mcg_dl_micrograms_per_deciliter,medlineplus_understand_lab_results_v1_4,medlineplus.gov,medical_result_explanation_boundary,How to Understand Your Lab Results,Mcg/dL = micrograms per deciliter,result_boundary,medical result interpretation boundary,1102,https://medlineplus.gov/lab-tests/how-to-understand-your-lab-results/,"Mcg/dL = micrograms per deciliter Micromole/L = micromoles per liter Pg/mL = picograms per milliliter What do negative, positive, and inconclusive results mean? Some test results tell you whether a certain substance, germ, type of cell, or gene was or wasn't found in your test sample. On your test report, you may see these terms: Negative or normal. This means ""No, the test didn't find what it was looking for."" So, you're unlikely to have the health problem you were tested for, but you may need more tests. Positive or abnormal. This means, ""Yes, the test found what it was looking for."" The germ, substance, or gene being tested was in your sample. So, you may have a disease or infection. In certain cases, you may need more tests to confirm a diagnosis. Inconclusive or uncertain. This means ",revise,"Giữ nhưng không promote nguyên văn: phần đơn vị và khoảng tham chiếu cần biến thành glossary ngắn, tránh làm người dùng tự chẩn đoán."
medlineplus_understand_lab_results_v1_4__cand_005__what_are_false_positive_and_false_negative_results,medlineplus_understand_lab_results_v1_4,medlineplus.gov,medical_result_explanation_boundary,How to Understand Your Lab Results,What are false positive and false negative results?,result_boundary,medical result interpretation boundary,1277,https://medlineplus.gov/lab-tests/how-to-understand-your-lab-results/,"What are false positive and false negative results? Tests results are usually accurate, but no test is perfect. A false positive result means your test shows you have a disease or condition, but you don't really have it. A false negative result means your test shows you don't have a disease or condition, but you really do. These incorrect results don't happen often, but they are more likely with certain types of tests, or if testing wasn't done right. If your provider thinks your test result may be inaccurate, you may need to have another test. What can affect my results? The accuracy of certain test results may be affected by various common factors. These can include: Eating and drinking certain foods and drinks. Taking certain medicines or supplements. Exercising hard before your test. H",approve,"Duyệt: thông tin chỉ số CBC có thể cao/thấp cần đọc trong bối cảnh, phù hợp giải thích kết quả an toàn."
medlineplus_understand_lab_results_v1_4__cand_006__what_if_i_do_a_home_test,medlineplus_understand_lab_results_v1_4,medlineplus.gov,medical_result_explanation_boundary,How to Understand Your Lab Results,What if I do a home test?,result_boundary,medical result interpretation boundary,394,https://medlineplus.gov/lab-tests/how-to-understand-your-lab-results/,"What if I do a home test? At-home test kits are available for many types of lab tests. The kits provide everything you need to collect a sample of body fluid or cells to send to a lab. At-home tests should never replace testing that your provider orders. Ask your provider or pharmacist to recommend a test you can trust. And talk with your provider about your results, even if they're normal.",approve,"Duyệt: nêu rõ kết quả bất thường cần trao đổi với bác sĩ, phù hợp boundary."
medlineplus_laboratory_tests_topic_v1_4__cand_001__start_here,medlineplus_laboratory_tests_topic_v1_4,medlineplus.gov,medical_result_boundary_general_labs,Laboratory Tests,Start Here,result_boundary,medical result interpretation boundary,856,https://medlineplus.gov/laboratorytests.html,Start Here How Cancer Is Diagnosed (National Cancer Institute) How to Prepare for a Lab Test (National Library of Medicine) How to Understand Your Lab Results (National Library of Medicine) Lab Test Information (National Library of Medicine) Tests Used in Clinical Care (Food and Drug Administration) Specifics At-Home Medical Tests (National Library of Medicine) Differential Diagnosis (National Library of Medicine) Fasting for a Blood Test (National Library of Medicine) How to Cope with Medical Test Anxiety (National Library of Medicine) How to Read Your Pathology Report (College of American Pathologists) How You Can Get the Best Results with Home Use Tests (Food and Drug Administration) Stool Tests (For Parents) (Nemours Foundation) Venous Sampling (American College of Radiology; Radiologi,reject,"Loại: đoạn này là metadata/liên kết chủ đề MedlinePlus, không phải tri thức y tế trực tiếp để đưa vào KB."
medlineplus_laboratory_tests_topic_v1_4__cand_002__laboratory_tests_see_more_articles,medlineplus_laboratory_tests_topic_v1_4,medlineplus.gov,medical_result_boundary_general_labs,Laboratory Tests,Laboratory Tests -- see more articles,result_boundary,medical result interpretation boundary,651,https://medlineplus.gov/laboratorytests.html,Laboratory Tests -- see more articles Reference Desk Home Use Tests: Glossary (Food and Drug Administration) Find an Expert Accredited Laboratory and Biorepository Directory (College of American Pathologists) Children Basic Blood Chemistry Tests (For Parents) (Nemours Foundation) Biobanks (For Parents) (Nemours Foundation) Blood Culture (For Parents) (Nemours Foundation) Collecting a Stool Sample for Testing (For Parents) (Nemours Foundation) Getting a Blood Test (For Parents) (Nemours Foundation) How to Prepare Your Child for a Lab Test (National Library of Medicine) Types of Blood Tests (For Parents) (Nemours Foundation),reject,"Loại: danh sách điều hướng/bài liên quan như Journal Articles/References, không phù hợp làm KB item runtime."
medlineplus_cbc_test_v1_4__cand_001__complete_blood_count_cbc,medlineplus_cbc_test_v1_4,medlineplus.gov,cbc_anemia_infection_basics,Complete Blood Count (CBC),Complete Blood Count (CBC),general_lab_education,CBC / anemia / infection,986,https://medlineplus.gov/lab-tests/complete-blood-count-cbc/,"Complete Blood Count (CBC) What is a Complete Blood Count? A complete blood count, or CBC, is a group of blood tests that measure the number and size of the different cells in your blood. A CBC measures: Red blood cells , which carry oxygen from your lungs to the rest of your body. White blood cells , which fight infections and other diseases. There are five major types of white blood cells. A CBC test measures the total number of white cells in your blood. A different test called a CBC with differential measures the number of each type of these white blood cells. Platelets , which stop bleeding by helping your blood to clot. Hemoglobin , an iron-rich protein in red blood cells that carries oxygen from your lungs to the rest of your body. Hematocrit , the amount of whole blood that is made",approve,"Duyệt: CBC with differential overview rõ, phù hợp mở rộng CBC."
medlineplus_cbc_test_v1_4__cand_002__what_is_it_used_for,medlineplus_cbc_test_v1_4,medlineplus.gov,cbc_anemia_infection_basics,Complete Blood Count (CBC),What is it used for?,result_boundary,CBC / anemia / infection,933,https://medlineplus.gov/lab-tests/complete-blood-count-cbc/,"What is it used for? A complete blood count is often part of a routine checkup . It is also used to monitor a condition or treatment that may affect your blood cell counts such as infections, anemia , immune system disorders , and blood cancers. Why do I need a complete blood count? Your health care provider may have ordered a complete blood count as part of your checkup or to monitor your overall health. The test may also be used to: Help diagnose blood diseases , infections, immune system disorders, or other medical conditions Check for changes in an existing blood disorder What happens during a complete blood count? A health care professional will take a blood sample from a vein in your arm, using a small needle. After the needle is inserted, a small amount of blood will be collected in",approve,"Duyệt: giải thích mục đích xét nghiệm bạch cầu/differential, dùng tốt cho infection/inflammation context."
medlineplus_cbc_test_v1_4__cand_003__will_i_need_to_do_anything_to_prepare_for_the_test,medlineplus_cbc_test_v1_4,medlineplus.gov,cbc_anemia_infection_basics,Complete Blood Count (CBC),Will I need to do anything to prepare for the test?,result_boundary,CBC / anemia / infection,1693,https://medlineplus.gov/lab-tests/complete-blood-count-cbc/,"Will I need to do anything to prepare for the test? Usually, no special preparation is necessary for a complete blood count. But if your provider ordered other tests on your blood sample, you may need to fast (not eat or drink) for several hours before the test. Your provider will let you know if there are any special instructions. Are there any risks to the test? There is very little risk to having a blood test. You may experience slight pain or bruising at the spot where the needle went in, but most symptoms go away quickly. What do the results mean? A CBC counts the cells in your blood. There are many reasons your levels may not be in the normal range . For example: Abnormal levels of red blood cells, hemoglobin, or hematocrit may be a sign of dehydration , anemia, heart disease , or to",approve,"Duyệt: mô tả quy trình xét nghiệm máu và cách chuẩn bị, phù hợp phần trải nghiệm xét nghiệm."
medlineplus_blood_count_tests_v1_4__cand_001__hemoglobin_an_iron_rich_protein_in_red_blood_cells_that_carries_oxygen,medlineplus_blood_count_tests_v1_4,medlineplus.gov,cbc_blood_count_overview,Blood Count Tests,Hemoglobin - an iron-rich protein in red blood cells that carries oxygen,general_lab_education,CBC / anemia / infection,819,https://medlineplus.gov/bloodcounttests.html,"Hemoglobin - an iron-rich protein in red blood cells that carries oxygen Hematocrit - how much space red blood cells take up in your blood Reticulocyte count - how many young red blood cells are in your blood Mean corpuscular volume (MCV) - the average size of your red blood cells The complete blood count (CBC) includes most or all of these. The CBC is one of the most common blood tests. NIH: National Heart, Lung, and Blood Institute Start Here Blood Tests and Urinalysis (Blood Cancer United) Complete Blood Count (CBC) (National Library of Medicine) What You Need to Know About Blood Testing (National Library of Medicine) Related Issues High Red Blood Cell Count (Mayo Foundation for Medical Education and Research) Low White Blood Cell Count (Mayo Foundation for Medical Education and Researc",revise,"Giữ nhưng cần biên tập: đang là đoạn kết quả/diễn giải khá chi tiết, cần viết lại thành boundary “không tự kết luận từ CBC”."
medlineplus_blood_count_tests_v1_4__cand_002__overview_of_white_blood_cell_disorders,medlineplus_blood_count_tests_v1_4,medlineplus.gov,cbc_blood_count_overview,Blood Count Tests,Overview of White Blood Cell Disorders,general_lab_education,CBC / anemia / infection,801,https://medlineplus.gov/bloodcounttests.html,"Overview of White Blood Cell Disorders (Merck & Co., Inc.) Platelet Disorders: MedlinePlus Health Topic (National Library of Medicine) Specifics Blood Differential (National Library of Medicine) Blood Smear (National Library of Medicine) Hematocrit Test (National Library of Medicine) Hemoglobin Electrophoresis (National Library of Medicine) Hemoglobin Test (National Library of Medicine) MCV (Mean Corpuscular Volume) (National Library of Medicine) MPV Blood Test (National Library of Medicine) Platelet Tests (National Library of Medicine) RDW Red Cell Distribution Width (National Library of Medicine) Red Blood Cell (RBC) Count (National Library of Medicine) Red Blood Cell (RBC) Indices (National Library of Medicine) Reticulocyte Count (National Library of Medicine)",revise,Giữ nhưng cần gọt: liệt kê nhiều nguyên nhân WBC cao/thấp; không nên promote nguyên văn vì dễ bị hiểu như chẩn đoán.
medlineplus_crp_test_v1_4__cand_001__c_reactive_protein_crp_test,medlineplus_crp_test_v1_4,medlineplus.gov,inflammation_infection_context,C-Reactive Protein (CRP) Test,C-Reactive Protein (CRP) Test,test_explanation,CBC / anemia / infection,1024,https://medlineplus.gov/lab-tests/c-reactive-protein-crp-test/,"C-Reactive Protein (CRP) Test What is a c-reactive (CRP) protein test? A c-reactive protein test measures the level of c-reactive protein (CRP) in a sample of your blood. Your liver makes CRP in response to inflammation. Inflammation is your body's way of protecting your tissues and helping them heal from an injury , infection , or other disease. When it's acute (sudden) and for a short time, inflammation is helpful. For example, when you get a cut on your skin, the area around the cut may turn red and swell. These are signs that inflammation is working to stop infection. Inflammation acts in a similar way when responding to germs or harmful substances (toxins) inside your body. If inflammation lasts too long, however, it can damage healthy tissues. This is called chronic (long-term) infla",approve,"Duyệt: nội dung về rủi ro xét nghiệm máu rất nhỏ và thuật ngữ khác, phù hợp FAQ."
medlineplus_crp_test_v1_4__cand_002__other_names_c_reactive_protein_serum,medlineplus_crp_test_v1_4,medlineplus.gov,inflammation_infection_context,C-Reactive Protein (CRP) Test,"Other names: c-reactive protein, serum",symptom_to_test_context,CBC / anemia / infection,800,https://medlineplus.gov/lab-tests/c-reactive-protein-crp-test/,"Other names: c-reactive protein, serum What is it used for? By measuring the levels of c-reactive protein in your blood, a CRP test can tell your health care provider how much inflammation you have in your body. High CRP levels may mean you have an acute or chronic health condition, such as: Infections from bacteria or viruses . Inflammatory bowel disease, disorders of the intestines that include Crohn's disease and ulcerative colitis . Autoimmune disorders, such as lupus , rheumatoid arthritis , and vasculitis . Lung diseases , such as asthma . Smoking and exposure to environmental toxins such as polluted air and hazardous waste can also cause high CRP levels. Why do I need a CRP test? You may need this test if you have symptoms of a bacterial infection, such as: Fever or chills",approve,"Duyệt: CRP/inflammation context rõ, hữu ích cho nhóm viêm/nhiễm trùng."
medlineplus_crp_test_v1_4__cand_003__rapid_heart_rate,medlineplus_crp_test_v1_4,medlineplus.gov,inflammation_infection_context,C-Reactive Protein (CRP) Test,Rapid heart rate,screening_context,CBC / anemia / infection,1011,https://medlineplus.gov/lab-tests/c-reactive-protein-crp-test/,"Rapid heart rate Rapid breathing Nausea and vomiting You may also need a CRP test if your provider wants to: Check for a chronic condition that causes inflammation. Monitor for infection after surgery. Monitor your condition and treatment if you have an infection or a chronic condition. Make treatment decisions if you have sepsis . Sepsis is your body's extreme response to an infection that spreads to your blood. It's a life-threatening medical emergency. CRP levels rise and fall depending on how much inflammation is in your body. So, if your CRP levels fall, it's a sign that your treatment for inflammation is working or that you're healing on your own. What happens during a CRP test? A health care professional will take a blood sample from a vein in your arm, using a small needle. After t",revise,"Giữ nhưng cần nối ngữ cảnh: đoạn bắt đầu bằng triệu chứng rời rạc, nên viết lại thành “khi nào CRP có thể được chỉ định”."
medlineplus_crp_test_v1_4__cand_004__will_i_need_to_do_anything_to_prepare_for_the_test,medlineplus_crp_test_v1_4,medlineplus.gov,inflammation_infection_context,C-Reactive Protein (CRP) Test,Will I need to do anything to prepare for the test?,result_boundary,CBC / anemia / infection,1335,https://medlineplus.gov/lab-tests/c-reactive-protein-crp-test/,"Will I need to do anything to prepare for the test? Some medicines may affect your results. So, tell your provider about any supplements or medicines that you take, including magnesium and non-steroidal anti-inflammatory drugs (NSAIDS) such as ibuprofen and aspirin. Don't stop taking any prescription medicines without talking with your provider first. Are there any risks to the test? There is very little risk to having a blood test. You may have slight pain or bruising at the spot where the needle was put in, but most symptoms go away quickly. What do the results mean? In general, healthy people have very low amounts of CRP in their blood. A value of 0.8-1.0 milligrams per deciliter (mg/dL) or lower is thought to be a healthy amount. Any increases above normal may mean you have inflammatio",approve,"Duyệt: hướng dẫn chuẩn bị, quy trình và ý nghĩa CRP cao ở mức khái quát, phù hợp RAG."
medlineplus_crp_test_v1_4__cand_005__is_there_anything_else_i_need_to_know_about_a_crp_test,medlineplus_crp_test_v1_4,medlineplus.gov,inflammation_infection_context,C-Reactive Protein (CRP) Test,Is there anything else I need to know about a CRP test?,screening_context,CBC / anemia / infection,311,https://medlineplus.gov/lab-tests/c-reactive-protein-crp-test/,"Is there anything else I need to know about a CRP test? A CRP test is sometimes confused with a high-sensitivity-(hs) CRP test. They both measure CRP, but they are used for different conditions. An hs-CRP test measures very tiny increases in your CRP levels. It is used to estimate your risk of heart disease .",approve,"Duyệt: cảnh báo kết quả CRP tăng không chỉ ra nguyên nhân cụ thể, rất phù hợp result-boundary."
medlineplus_blood_culture_v1_4__cand_001__blood_culture,medlineplus_blood_culture_v1_4,medlineplus.gov,infection_testing_blood_culture,Blood culture,Blood culture,result_boundary,CBC / anemia / infection,868,https://medlineplus.gov/ency/article/003744.htm,"Blood culture A blood culture is a lab test to check for bacteria or other germs in a blood sample. How the Test is Performed A blood sample is needed . The site where blood will be drawn is first cleaned with an antiseptic such as chlorhexidine. This reduces the chance of an organism from the skin getting into (contaminating) the blood sample and causing a false-positive result (see below). The sample is sent to a lab. There, it is placed in a special dish (culture). It is then watched to see if bacteria or other disease-causing germs grow. A Gram stain may also be done. A Gram stain is a method of identifying bacteria using a special series of chemical stains (colors). With some infections, bacteria can be found in the blood only intermittently. So, a series of three or more blood cultur",approve,"Duyệt: blood culture overview rõ, hữu ích cho bối cảnh nghi nhiễm trùng."
medlineplus_blood_culture_v1_4__cand_002__how_to_prepare_for_the_test,medlineplus_blood_culture_v1_4,medlineplus.gov,infection_testing_blood_culture,Blood culture,How to Prepare for the Test,result_boundary,CBC / anemia / infection,1413,https://medlineplus.gov/ency/article/003744.htm,"How to Prepare for the Test There is no special preparation. How the Test will Feel When the needle is inserted to draw blood, some people feel moderate pain. Others feel only a prick or stinging. Afterward, there may be some throbbing or a slight bruise. This soon goes away. Why the Test is Performed Your health care provider may order this test if you have symptoms of a serious infection, also known as sepsis . Symptoms of sepsis can include high fever, chills, rapid breathing and heart rate, confusion, and low blood pressure. The blood culture helps identify the type of bacteria causing the infection. This helps your provider determine how best to treat the infection. Normal Results A normal value means that no bacteria or other germs were seen in your blood sample. What Abnormal Result",approve,"Duyệt: giải thích mục đích blood culture và nguy cơ nhiễm trùng lan rộng, phù hợp giáo dục y tế."
medlineplus_blood_culture_v1_4__cand_003__risks,medlineplus_blood_culture_v1_4,medlineplus.gov,infection_testing_blood_culture,Blood culture,Risks,screening_context,CBC / anemia / infection,562,https://medlineplus.gov/ency/article/003744.htm,"Risks There is little risk involved with having your blood taken. Veins and arteries vary in size from one person to another and from one side of the body to the other. Taking blood from some people may be more difficult than from others. Other risks associated with having blood drawn are slight, but may include: Excessive bleeding Fainting or feeling lightheaded Multiple punctures to locate veins Hematoma (blood accumulating under the skin) Infection (a slight risk any time the skin is broken) Alternative Names Culture - blood Images Gram stain",approve,"Duyệt: mô tả quy trình lấy máu cho blood culture, phù hợp phần trải nghiệm xét nghiệm."
medlineplus_blood_glucose_test_v1_4__cand_001__blood_glucose_test,medlineplus_blood_glucose_test_v1_4,medlineplus.gov,glucose_fasting_blood_glucose_diabetes_screening,Blood Glucose Test,Blood Glucose Test,preparation_guidance,glucose / HbA1c / diabetes screening,2008,https://medlineplus.gov/lab-tests/blood-glucose-test/,"Blood Glucose Test What is a blood glucose test? A blood glucose test measures the glucose levels in your blood. Glucose is a type of sugar. It is your body's main source of energy. It comes from the food you eat. A hormone called insulin helps move glucose from your bloodstream into your cells for use as energy. If you have too much or too little glucose in your blood, it may be a sign of a serious medical condition. High blood glucose levels ( hyperglycemia ) may be a sign of prediabetes or diabetes . Prediabetes is a condition in which your blood glucose levels are higher than what is healthy for you, but not high enough to be considered diabetes. If you have diabetes , your body can't make insulin or can't use it as well as it should, or both. Too much glucose stays in your blood and d",revise,Giữ nhưng cần rút gọn: phần quy trình/cấy vi khuẩn khá dài; nên đơn giản hóa cho người dùng phổ thông.
medlineplus_blood_glucose_test_v1_4__cand_002__what_is_it_used_for,medlineplus_blood_glucose_test_v1_4,medlineplus.gov,glucose_fasting_blood_glucose_diabetes_screening,Blood Glucose Test,What is it used for?,result_boundary,glucose / HbA1c / diabetes screening,1691,https://medlineplus.gov/lab-tests/blood-glucose-test/,What is it used for? A blood glucose test may be used: As part of a routine checkup to screen for prediabetes and diabetes To help diagnose the cause of symptoms that may mean your blood glucose is too high or too low To monitor the side effects of certain long-term medicines that may affect blood glucose Why do I need a blood glucose test? Your provider may order a blood glucose test as part of your routine checkup. Routine blood tests that include a glucose test include a basic metabolic panel (BMP) and a comprehensive metabolic panel (CMP) . The most common reasons for a blood glucose test are to screen for and monitor prediabetes and diabetes. Your provider may order a blood glucose test if: You have a high risk for developing type 2 diabetes. Your risk may be high if you: Are over 35 ,approve,"Duyệt: giải thích ý nghĩa kết quả blood culture và nhắc bác sĩ chọn điều trị, phù hợp boundary."
medlineplus_blood_glucose_test_v1_4__cand_003__increased_thirst,medlineplus_blood_glucose_test_v1_4,medlineplus.gov,glucose_fasting_blood_glucose_diabetes_screening,Blood Glucose Test,Increased thirst,preparation_guidance,glucose / HbA1c / diabetes screening,1051,https://medlineplus.gov/lab-tests/blood-glucose-test/,"Increased thirst Frequent urination (peeing) Blurred vision Fatigue Sores that are slow to heal Losing weight without trying Numbness or tingling in your feet or hands Symptoms of low blood glucose levels include: Feeling shaky or jittery Hunger Fatigue Feeling dizzy , confused, or irritable Headache A fast heartbeat or arrhythmia (a problem with the rate or rhythm of your heartbeat) Having trouble seeing or speaking clearly Fainting or seizures You have prediabetes or diabetes. Your provider may schedule blood glucose tests to monitor your condition. You may also monitor your blood glucose at home. You are pregnant. You will likely have a blood glucose test between the 24th and 28th week of your pregnancy to check for gestational diabetes. If you have a high risk for gestational diabetes,",revise,"Giữ nhưng cần nối ngữ cảnh: đoạn bắt đầu bằng triệu chứng rời rạc, nên viết lại thành “khi nào nên kiểm tra glucose”."
medlineplus_blood_glucose_test_v1_4__cand_004__steroids,medlineplus_blood_glucose_test_v1_4,medlineplus.gov,glucose_fasting_blood_glucose_diabetes_screening,Blood Glucose Test,Steroids,result_boundary,glucose / HbA1c / diabetes screening,839,https://medlineplus.gov/lab-tests/blood-glucose-test/,"Steroids Antipsychotics Beta-blockers Statins Examples of medicines that may cause low blood glucose in some people include certain types of: ACE inhibitors Antibiotics called quinolones Medicines to treat malaria What happens during a blood glucose test? A health care professional will take a blood sample from a vein in your arm, using a small needle. After the needle is inserted, a small amount of blood will be collected into a test tube or vial. You may feel a little sting when the needle goes in or out. There are several types of blood glucose tests: A fasting blood glucose test measures your glucose after you fast (not eating or drinking, except for water) for at least 8 hours. It is often used to: Screen for or monitor prediabetes or diabetes Help diagnose or monitor other conditions",revise,"Giữ nhưng cần biên tập: phần thuốc/nhịn ăn và yếu tố ảnh hưởng nên đưa vào prep guidance, tránh tư vấn tự ngừng thuốc."
medlineplus_blood_glucose_test_v1_4__cand_005__check_for_side_effects_from_medications_that_can_affect_blood_glucose,medlineplus_blood_glucose_test_v1_4,medlineplus.gov,glucose_fasting_blood_glucose_diabetes_screening,Blood Glucose Test,Check for side effects from medications that can affect blood glucose,result_boundary,glucose / HbA1c / diabetes screening,1368,https://medlineplus.gov/lab-tests/blood-glucose-test/,"Check for side effects from medications that can affect blood glucose A random blood glucose test can be done at any time, even after eating. If you have symptoms of diabetes, your provider may use this test first. That's because it can be done right away. A glucose challenge test may be used to screen for gestational diabetes if you are pregnant. You don't need to fast for this test. You will drink a sugary drink that contains glucose. A blood sample is taken one hour later. If your blood glucose is too high, you will usually need an oral glucose tolerance test to confirm or rule out gestational diabetes. An oral glucose tolerance test (OGTT) is used to diagnose gestational diabetes. If you aren't pregnant, it's sometimes used to confirm a diagnosis of prediabetes or type 2 diabetes. You ",revise,Giữ nhưng cần chỉnh: có thông tin chuẩn bị và rủi ro hữu ích nhưng cần tách khỏi phần kết quả để dễ retrieval.
medlineplus_blood_glucose_test_v1_4__cand_006__will_i_need_to_do_anything_to_prepare_for_the_test,medlineplus_blood_glucose_test_v1_4,medlineplus.gov,glucose_fasting_blood_glucose_diabetes_screening,Blood Glucose Test,Will I need to do anything to prepare for the test?,result_boundary,glucose / HbA1c / diabetes screening,1201,https://medlineplus.gov/lab-tests/blood-glucose-test/,"Will I need to do anything to prepare for the test? If your provider orders a fasting blood glucose test or an oral glucose tolerance test, you will need to fast for at least eight hours before the test. If your glucose test is part of a BMP or CMP test, you may need to fast. Other blood glucose tests don't require any special preparations. Ask your provider whether you need to fast before your glucose test. Are there any risks to the test? There is very little risk to having a blood test. You may have slight pain or bruising at the spot where the needle was put in, but most symptoms go away quickly. After an oral glucose tolerance test, you may feel light-headed. Your provider may suggest that you plan to have someone take you home. What do the results mean? The meaning of your test resul",approve,"Duyệt: nhấn mạnh kết quả glucose bất thường cần xét nghiệm thêm trước khi chẩn đoán, phù hợp an toàn."
medlineplus_blood_glucose_test_v1_4__cand_007__an_overactive_thyroid_gland_hyperthyroidism,medlineplus_blood_glucose_test_v1_4,medlineplus.gov,glucose_fasting_blood_glucose_diabetes_screening,Blood Glucose Test,An overactive thyroid gland ( hyperthyroidism ),preparation_guidance,glucose / HbA1c / diabetes screening,802,https://medlineplus.gov/lab-tests/blood-glucose-test/,"An overactive thyroid gland ( hyperthyroidism ) A problem with your pancreas, including pancreatitis Stress from surgery, very serious illness, or trauma A problem with your adrenal glands, including Cushing's syndrome and pheochromocytoma Certain medicines If you have diabetes, glucose levels that are lower than normal for you may be caused by: Certain diabetes medicines and other medicines that may lower blood glucose Not eating enough, especially after taking diabetes medicine Being more physically active than usual If you don't have diabetes, low blood glucose levels aren't common. If they happen, they may be caused by: Liver or kidney disease Underactive adrenal glands, for example, Addison disease Certain pituitary disorders An underactive thyroid gland ( hypothyroidism )",revise,"Giữ nhưng cần biên tập: phần nguyên nhân glucose cao/thấp khá chẩn đoán, chỉ nên dùng làm ngữ cảnh chung."
medlineplus_blood_glucose_test_v1_4__cand_008__malnutrition,medlineplus_blood_glucose_test_v1_4,medlineplus.gov,glucose_fasting_blood_glucose_diabetes_screening,Blood Glucose Test,Malnutrition,result_boundary,glucose / HbA1c / diabetes screening,1064,https://medlineplus.gov/lab-tests/blood-glucose-test/,"Malnutrition Certain medicines Alcohol use disorder (AUD) Learn more about laboratory tests, reference ranges, and understanding results . Is there anything else I should know about a blood glucose test? If you have diabetes, you may need to do blood glucose testing at home to help manage your blood glucose levels. Your provider will let you know how often you should test. There are two ways to check your blood glucose. Your provider can help you decide which one is best for you: Blood glucose meters require you to prick your finger with a small device called a lancet. Then, you apply a drop of blood to a test strip and insert it into a small electronic glucose meter, which measures the glucose in your blood. Continuous glucose monitors (CGM) usually use a tiny sensor placed under the skin",revise,"Giữ nhưng cần rút gọn: kết hợp biến chứng, thuật ngữ và disclaimer; nên tách thành boundary riêng."
medlineplus_hba1c_test_v1_4__cand_001__hemoglobin_a1c_hba1c_test,medlineplus_hba1c_test_v1_4,medlineplus.gov,hba1c_diabetes_monitoring_screening,Hemoglobin A1C (HbA1c) Test,Hemoglobin A1C (HbA1c) Test,result_boundary,glucose / HbA1c / diabetes screening,1304,https://medlineplus.gov/lab-tests/hemoglobin-a1c-hba1c-test,"Hemoglobin A1C (HbA1c) Test What is a hemoglobin A1C (HbA1C) test? A hemoglobin A1C (HbA1C) test is a blood test that shows your average level of blood glucose , also called blood sugar, over the past two to three months. Glucose is a type of sugar in your blood that comes from the foods you eat. Your cells use glucose for energy. A hormone called insulin helps glucose get into your cells. If you have diabetes your body doesn't make enough insulin, or your cells don't use it well. As a result, glucose can't get into your cells, so your blood glucose levels increase. Glucose in your blood sticks to hemoglobin, a protein in your red blood cells. As your blood glucose levels increase, more of your hemoglobin will be coated with glucose. An A1C test measures the percentage of your red blood ce",approve,"Duyệt: HbA1c overview rõ, phù hợp nhóm glucose/diabetes screening."
medlineplus_hba1c_test_v1_4__cand_002__other_names_hba1c_a1c_glycohemoglobin_glycated_hemoglobin_glycosylated_hemoglobi,medlineplus_hba1c_test_v1_4,medlineplus.gov,hba1c_diabetes_monitoring_screening,Hemoglobin A1C (HbA1c) Test,"Other names: HbA1C, A1C, glycohemoglobin, glycated hemoglobin, glycosylated hemoglobin",result_boundary,glucose / HbA1c / diabetes screening,1160,https://medlineplus.gov/lab-tests/hemoglobin-a1c-hba1c-test,"Other names: HbA1C, A1C, glycohemoglobin, glycated hemoglobin, glycosylated hemoglobin What is it used for? Your blood glucose level changes all the time. If you're checking it at home, you are measuring what your blood glucose level is at that time. An A1C test gives you an average level of your blood glucose level over the past two to three months. An A1C test may be used to screen for or diagnose: Type 2 diabetes . With type 2 diabetes your blood glucose gets too high because your body doesn't make enough insulin or doesn't use insulin well. The glucose then stays in your blood and not enough goes into your cells. Prediabetes . Prediabetes means that your blood glucose levels are higher than normal, but not high enough to be diagnosed as diabetes. Lifestyle changes, such as healthy eati",approve,"Duyệt: giải thích HbA1c dùng để sàng lọc/theo dõi diabetes, phù hợp HomeLab."
medlineplus_hba1c_test_v1_4__cand_003__why_do_i_need_an_a1c_test,medlineplus_hba1c_test_v1_4,medlineplus.gov,hba1c_diabetes_monitoring_screening,Hemoglobin A1C (HbA1c) Test,Why do I need an A1C test?,result_boundary,glucose / HbA1c / diabetes screening,1324,https://medlineplus.gov/lab-tests/hemoglobin-a1c-hba1c-test,"Why do I need an A1C test? The Centers for Disease Control (CDC) recommends A1C testing for diabetes and prediabetes if: You are over age 45. If your results are normal, your provider will tell you how often you should be tested based on your age and risk factors. If your results show you have prediabetes, you will usually need to be tested every 1 to 2 years. Ask your provider how often to get tested and what you can do to reduce your risk of developing diabetes. If your results show you have diabetes, you should get an A1C test at least twice a year to monitor your condition and treatment. You are under 45 and are more likely to develop diabetes because you: Have prediabetes. Are overweight or have obesity . Have a parent or sibling with type 2 diabetes. Have high blood pressure or high ",approve,"Duyệt: mô tả quy trình HbA1c và chuẩn bị xét nghiệm, hữu ích cho người dùng."
medlineplus_hba1c_test_v1_4__cand_004__feeling_very_thirsty,medlineplus_hba1c_test_v1_4,medlineplus.gov,hba1c_diabetes_monitoring_screening,Hemoglobin A1C (HbA1c) Test,Feeling very thirsty,result_boundary,glucose / HbA1c / diabetes screening,912,https://medlineplus.gov/lab-tests/hemoglobin-a1c-hba1c-test,"Feeling very thirsty Urinating (peeing) a lot Losing weight without trying Feeling very hungry Blurred vision Numb or tingling hands or feet Fatigue Dry skin Sores that heal slowly Having more infections than usual What happens during an A1C test? A health care professional will take a blood sample from a vein in your arm, using a small needle. After the needle is inserted, a small amount of blood will be collected into a test tube or vial. You may feel a little sting when the needle goes in or out. This usually takes less than five minutes. Will I need to do anything to prepare for the test? Certain medicines such as opioids and some HIV medicines may affect your results, so tell your provider about everything you take. But don't stop taking any medicines unless your provider tells you to",revise,"Giữ nhưng cần nối ngữ cảnh: đoạn triệu chứng tiểu đường bị tách giữa chừng, cần viết lại thành item hoàn chỉnh."
medlineplus_hba1c_test_v1_4__cand_005__are_there_any_risks_to_the_test,medlineplus_hba1c_test_v1_4,medlineplus.gov,hba1c_diabetes_monitoring_screening,Hemoglobin A1C (HbA1c) Test,Are there any risks to the test?,result_boundary,glucose / HbA1c / diabetes screening,1109,https://medlineplus.gov/lab-tests/hemoglobin-a1c-hba1c-test,"Are there any risks to the test? There is very little risk to having a blood test. You may have slight pain or bruising at the spot where the needle was put in, but most symptoms go away quickly. What do the results mean? A1C results tell you what percentage of your hemoglobin is coated with glucose. The ranges are just a guide to what is normal. What's normal for you depends on your health, age, and other factors. Ask your provider what A1C percentage is healthy for you. To diagnose diabetes or prediabetes, the percentages commonly used are: Normal: A1C below 5.7% Prediabetes: A1C between 5.7% and 6.4% Diabetes: A1C of 6.5% or higher Providers often use more than one test to diagnose diabetes. So, if your test result was higher than normal, you may have another A1C test or a different typ",revise,"Giữ nhưng cần biên tập an toàn: có ngưỡng HbA1c/sàng lọc, phải tránh biến thành chẩn đoán tự động."
medlineplus_hba1c_test_v1_4__cand_006__is_there_anything_else_i_need_to_know_about_an_a1c_test,medlineplus_hba1c_test_v1_4,medlineplus.gov,hba1c_diabetes_monitoring_screening,Hemoglobin A1C (HbA1c) Test,Is there anything else I need to know about an A1C test?,result_boundary,glucose / HbA1c / diabetes screening,449,https://medlineplus.gov/lab-tests/hemoglobin-a1c-hba1c-test,"Is there anything else I need to know about an A1C test? The A1C test is not used to diagnose gestational diabetes. Also, if you have a condition that affects your red blood cells, such as anemia or another type of blood disorder, an A1C test may not be accurate for diagnosing diabetes. Kidney failure and liver disease can also affect A1C results. In these cases, your provider may recommend different tests to diagnose diabetes and prediabetes.",approve,"Duyệt: nêu hạn chế của HbA1c trong một số tình huống, phù hợp giải thích kết quả an toàn."
niddk_diabetes_tests_diagnosis_v1_4__cand_001__home,niddk_diabetes_tests_diagnosis_v1_4,niddk.nih.gov,glucose_hba1c_diabetes_screening,Diabetes Tests & Diagnosis,Home,result_boundary,glucose / HbA1c / diabetes screening,823,https://www.niddk.nih.gov/health-information/diabetes/overview/tests-diagnosis,"Home Health Information Diabetes Diabetes Overview Diabetes Tests & Diagnosis English Español Diabetes Tests & Diagnosis In this section: Who should be tested for diabetes? What tests are used to diagnose diabetes? What test results tell me if I have diabetes or prediabetes? Which tests help my doctor know what kind of diabetes I have? Your doctor can diagnose diabetes , prediabetes , and gestational diabetes using blood tests. The blood tests show if your blood glucose level , also called blood sugar, is higher than the range that is healthy for you. Blood tests can also help identify the type of diabetes you have. Don’t try to diagnose yourself if you think you might have diabetes. Blood testing equipment that you can buy over the counter, such as a blood glucose meter , cannot diagnose ",revise,Giữ nhưng cần làm sạch: có phần điều hướng “Home/Health Information”; nội dung chính về diabetes tests hữu ích.
niddk_diabetes_tests_diagnosis_v1_4__cand_002__who_should_be_tested_for_diabetes,niddk_diabetes_tests_diagnosis_v1_4,niddk.nih.gov,glucose_hba1c_diabetes_screening,Diabetes Tests & Diagnosis,Who should be tested for diabetes?,result_boundary,glucose / HbA1c / diabetes screening,1100,https://www.niddk.nih.gov/health-information/diabetes/overview/tests-diagnosis,"Who should be tested for diabetes? Anyone who has symptoms of diabetes should be tested for the disease. Some people will not have any symptoms but may have risk factors for type 2 diabetes and need to be tested. Most pregnant women should also be tested for gestational diabetes. Testing helps doctors find diabetes sooner, so they can work with their patients to manage the disease and prevent health problems . If you have Medicare, it may cover the cost of tests if you have certain risk factors for diabetes. If you have different insurance, ask your insurance company if it covers diabetes tests. Blood tests help doctors diagnose diabetes and prediabetes. Type 1 diabetes Doctors often diagnose type 1 diabetes in children and young adults when they have diabetes symptoms, such as feeling thi",revise,"Giữ nhưng cần địa phương hóa: thông tin về ai nên xét nghiệm hữu ích, nhưng có phần Medicare/khuyến nghị Mỹ cần lược bỏ."
niddk_diabetes_tests_diagnosis_v1_4__cand_003__type_2_diabetes,niddk_diabetes_tests_diagnosis_v1_4,niddk.nih.gov,glucose_hba1c_diabetes_screening,Diabetes Tests & Diagnosis,Type 2 diabetes,result_boundary,glucose / HbA1c / diabetes screening,1272,https://www.niddk.nih.gov/health-information/diabetes/overview/tests-diagnosis,"Type 2 diabetes Experts recommend routine testing for type 2 diabetes if you have certain risk factors . You may have a higher risk of developing type 2 diabetes if you are age 35 or older American Indian, Black or African American, Asian American, Hispanic/Latino, or Pacific Islander overweight or have obesity and have at least one other risk factor a woman who had gestational diabetes Take the American Diabetes Association Diabetes Risk Test to see if you are at risk for type 2 diabetes. Children can also develop type 2 diabetes. Experts recommend testing children and teens between the ages of 10 and 18 who are overweight or have obesity and have at least one more risk factor, such as a low birth weight, a parent who had diabetes while pregnant, or another factor. 1 Adults and children w",revise,"Giữ nhưng cần cẩn trọng: liệt kê yếu tố nguy cơ dài, gồm yếu tố nhân khẩu học; chỉ dùng làm ngữ cảnh, không làm scoring tự động."
niddk_diabetes_tests_diagnosis_v1_4__cand_004__testing_for_type_2_diabetes_before_and_during_pregnancy,niddk_diabetes_tests_diagnosis_v1_4,niddk.nih.gov,glucose_hba1c_diabetes_screening,Diabetes Tests & Diagnosis,Testing for type 2 diabetes before and during pregnancy,result_boundary,glucose / HbA1c / diabetes screening,997,https://www.niddk.nih.gov/health-information/diabetes/overview/tests-diagnosis,"Testing for type 2 diabetes before and during pregnancy All women who are planning to get pregnant should be tested for type 2 diabetes, especially if they have risk factors. If you are already pregnant, you should be tested for type 2 diabetes at the first prenatal appointment, or in the first 15 weeks of pregnancy. If you have diabetes, you should receive special care during your pregnancy to avoid problems for you and the baby. Gestational diabetes All pregnant women who do not have a previous diagnosis of diabetes should be tested for gestational diabetes between 24 and 28 weeks of pregnancy. 1 If you have gestational diabetes, you should get tested after your baby is born to see if you have type 2 diabetes, usually within 12 weeks after delivery. What tests are used to diagnose diabet",revise,"Giữ cho scope sau: nội dung thai kỳ/gestational diabetes hữu ích nhưng ngoài luồng package cơ bản hiện tại, cần gắn điều kiện an toàn."
niddk_diabetes_tests_diagnosis_v1_4__cand_005__fasting_plasma_glucose_test,niddk_diabetes_tests_diagnosis_v1_4,niddk.nih.gov,glucose_hba1c_diabetes_screening,Diabetes Tests & Diagnosis,Fasting plasma glucose test,result_boundary,glucose / HbA1c / diabetes screening,1370,https://www.niddk.nih.gov/health-information/diabetes/overview/tests-diagnosis,"Fasting plasma glucose test The fasting plasma glucose (FPG) test measures your blood glucose level at a single point in time. For the most reliable results, your doctor will give you the test in the morning after you have fasted for at least 8 hours. Fasting means having nothing to eat or drink except sips of water. A1C test The A1C test is a blood test that provides your average levels of blood glucose over the last 3 months. Other names for the A1C test are hemoglobin A1C, HbA1C, glycated hemoglobin, and glycosylated hemoglobin test. You can eat and drink before this test. Before using the A1C test to diagnose diabetes, your doctor will consider factors, such as whether you are in your second or third trimester of pregnancy or whether you have certain types of anemia or another problem ",approve,"Duyệt: giải thích fasting glucose và HbA1c ở mức xét nghiệm, phù hợp test explanation."
niddk_diabetes_tests_diagnosis_v1_4__cand_006__random_plasma_glucose_test,niddk_diabetes_tests_diagnosis_v1_4,niddk.nih.gov,glucose_hba1c_diabetes_screening,Diabetes Tests & Diagnosis,Random plasma glucose test,result_boundary,glucose / HbA1c / diabetes screening,1553,https://www.niddk.nih.gov/health-information/diabetes/overview/tests-diagnosis,"Random plasma glucose test Sometimes doctors use the random plasma glucose test to diagnose diabetes when you have symptoms of diabetes and they do not want to wait until you have fasted for 8 hours. You may have this blood test at any time. Glucose challenge test If you are pregnant, your doctor might test you for gestational diabetes with the glucose challenge test. Another name for this test is the glucose screening test. In this test, a health care professional will take a sample of your blood 1 hour after you drink a sweet liquid containing glucose. You do not need to fast for this test. If your blood glucose level is too high—135 mg/dL to 140 mg/dL or higher—you may need to return for an oral glucose tolerance test while fasting. Oral glucose tolerance test The oral glucose tolerance",revise,"Giữ nhưng cần tách: random glucose và gestational screening đang gộp chung, nên tách theo mục đích sử dụng."
niddk_diabetes_tests_diagnosis_v1_4__cand_007__what_test_results_tell_me_if_i_have_diabetes_or_prediabetes,niddk_diabetes_tests_diagnosis_v1_4,niddk.nih.gov,glucose_hba1c_diabetes_screening,Diabetes Tests & Diagnosis,What test results tell me if I have diabetes or prediabetes?,result_boundary,glucose / HbA1c / diabetes screening,1102,https://www.niddk.nih.gov/health-information/diabetes/overview/tests-diagnosis,"What test results tell me if I have diabetes or prediabetes? Each test to detect diabetes and prediabetes uses a different measurement. Usually, your doctor will use a second test to confirm you have diabetes. The table below helps you understand what your test results mean if you are not pregnant. 1 If you are pregnant, some tests use different cutoffs. Ask your doctor what your test results mean. Test results for diagnosis of prediabetes and diabetes Diagnosis A1C Fasting Plasma Glucose Oral Glucose Tolerance Test* Random Plasma Glucose Test‡ Normal below 5.7% 99 mg/dL or below 139 mg/dL or below N/A Prediabetes 5.7% to 6.4% 100 to 125 mg/dL 140 to 199 mg/dL N/A Diabetes 6.5% or above 126 mg/dL or above 200 mg/dL or above 200 mg/dL or above Which tests help my doctor know what kind of di",revise,"Giữ nhưng cần biên tập: có ngưỡng kết quả và câu về chẩn đoán; phải chuyển thành giải thích tham khảo, không tự chẩn đoán."
niddk_diabetes_tests_diagnosis_v1_4__cand_008__genetic_testing,niddk_diabetes_tests_diagnosis_v1_4,niddk.nih.gov,glucose_hba1c_diabetes_screening,Diabetes Tests & Diagnosis,Genetic testing,result_boundary,glucose / HbA1c / diabetes screening,959,https://www.niddk.nih.gov/health-information/diabetes/overview/tests-diagnosis,"Genetic testing Genetic testing can diagnose most forms of monogenic diabetes , which is caused by a change—or mutation—in a gene. Anyone can have monogenic diabetes, but it is more common in babies who develop diabetes before they are 6 months old, some teens, and some young adults. Autoantibodies If you have diabetes, your doctor may look for certain autoantibodies to see if your diabetes is type 1. Autoantibodies are proteins in your immune system that mistakenly attack your healthy tissues and cells. A health care professional will take a sample of your blood for this test. If autoantibodies for diabetes are found in your blood, you may have type 1 diabetes. 1 If you do not have diabetes but your parent or sibling has type 1 diabetes, your doctor might give you this test to see if you ",reject,"Loại khỏi batch hiện tại: xét nghiệm di truyền/autoantibody chuyên sâu, chưa phù hợp prototype gói xét nghiệm cơ bản tại nhà."
niddk_diabetes_tests_diagnosis_v1_4__cand_009__reference,niddk_diabetes_tests_diagnosis_v1_4,niddk.nih.gov,glucose_hba1c_diabetes_screening,Diabetes Tests & Diagnosis,Reference,result_boundary,glucose / HbA1c / diabetes screening,629,https://www.niddk.nih.gov/health-information/diabetes/overview/tests-diagnosis,"Reference Last Reviewed July 2022 X WhatsApp Reddit Pinterest Previous: Preventing Type 2 Diabetes Next: Managing Diabetes This content is provided as a service of the National Institute of Diabetes and Digestive and Kidney Diseases (NIDDK), part of the National Institutes of Health. NIDDK translates and disseminates research findings to increase knowledge and understanding about health and disease among patients, health professionals, and the public. Content produced by NIDDK is carefully reviewed by NIDDK scientists and other experts. The NIDDK would like to thank: Randy Little, Ph.D., University of Missouri",reject,"Loại: danh sách tài liệu tham khảo/liên kết ngoài, không phải KB item người dùng cần truy xuất."
medlineplus_cholesterol_levels_v1_4__cand_001__cholesterol_levels,medlineplus_cholesterol_levels_v1_4,medlineplus.gov,lipid_panel_cholesterol,Cholesterol Levels,Cholesterol Levels,screening_context,lipid / cholesterol / triglycerides,1499,https://medlineplus.gov/lab-tests/cholesterol-levels/,"Cholesterol Levels What is a cholesterol test? A cholesterol test is a blood test that measures the amount of cholesterol and triglycerides (a type of fat) in your blood. Cholesterol is a waxy, fat-like substance that's found in your blood and every cell of your body. Your body needs some cholesterol to make hormones , vitamin D , and substances that help you digest foods. Your liver makes all the cholesterol your body needs and removes excess amounts. Cholesterol is also found in foods from animal sources, such as meat, egg yolks, poultry, and dairy products. Foods high in dietary fat can increase the cholesterol in your blood. If there's too much cholesterol in your blood, your liver can't remove it all. There are two main types of cholesterol: LDL (low-density lipoprotein), or ""bad"" cho",revise,"Giữ nhưng cần rút gọn: cholesterol overview dài, nên tách thành định nghĩa cholesterol, lipoprotein và mục đích xét nghiệm."
medlineplus_cholesterol_levels_v1_4__cand_002__other_names_for_a_cholesterol_test_lipid_profile_lipid_panel,medlineplus_cholesterol_levels_v1_4,medlineplus.gov,lipid_panel_cholesterol,Cholesterol Levels,"Other names for a cholesterol test: Lipid profile, Lipid panel",screening_context,lipid / cholesterol / triglycerides,1441,https://medlineplus.gov/lab-tests/cholesterol-levels/,"Other names for a cholesterol test: Lipid profile, Lipid panel What is it used for? A cholesterol test gives you and your health care provider important information about your risk of developing heart disease. If your test shows you have high cholesterol, you can take steps to lower it . This may decrease your risk of developing heart problems in the future. A cholesterol test measures your: LDL level. LDL (""bad"") cholesterol is the main source of blockages in the arteries. HDL level. HDL (""good') cholesterol helps get rid of ""bad"" LDL cholesterol. A higher HDL level may help reduce your risk of heart attack or stroke. Total cholesterol. This is a measure of the total amount of cholesterol in your blood. It includes HDL and LDL cholesterol. Triglyceride level. Triglycerides are a type of f",approve,"Duyệt: giải thích cholesterol test/lipid panel rõ, phù hợp nhóm mỡ máu."
medlineplus_cholesterol_levels_v1_4__cand_003__why_do_i_need_a_cholesterol_test,medlineplus_cholesterol_levels_v1_4,medlineplus.gov,lipid_panel_cholesterol,Cholesterol Levels,Why do I need a cholesterol test?,screening_context,lipid / cholesterol / triglycerides,836,https://medlineplus.gov/lab-tests/cholesterol-levels/,"Why do I need a cholesterol test? Your provider may order a cholesterol test as part of a routine exam . When and how often you should get a cholesterol test depends on your age, risk factors, and family history. The general recommendations are: For people who are age 19 or younger: The first test should be between ages 9 to 11 Children should have the test again every 5 years Some children may have this test starting at age 2 if there is a family history of high cholesterol, heart attack, or stroke For people who are ages 20 to 65: Younger adults should have the test every 5 years Men ages 45 to 65 and women ages 55 to 65 should have it every 1 to 2 years For people older than 65: They should be tested every year You may also have a cholesterol test more often if you are at high risk of h",approve,"Duyệt: mô tả các thành phần của lipid panel, phù hợp test explanation."
medlineplus_cholesterol_levels_v1_4__cand_004__a_family_history_of_heart_disease,medlineplus_cholesterol_levels_v1_4,medlineplus.gov,lipid_panel_cholesterol,Cholesterol Levels,A family history of heart disease,screening_context,lipid / cholesterol / triglycerides,844,https://medlineplus.gov/lab-tests/cholesterol-levels/,"A family history of heart disease High blood pressure Type 2 diabetes Smoking Excess weight or obesity Lack of physical activity A diet high in saturated fat What happens during a cholesterol test? A health care professional will take a blood sample from a vein in your arm, using a small needle. After the needle is inserted, a small amount of blood will be collected into a test tube or vial. You may feel a little sting when the needle goes in or out. This usually takes less than five minutes. You may be able to use an at-home kit to check your cholesterol levels. Your kit will include a device to prick your finger to collect a drop of blood for testing. Be sure to follow the kit instructions carefully. Also, be sure to tell your provider if your at-home test shows that your total cholester",revise,"Giữ nhưng cần nối ngữ cảnh: đoạn bắt đầu bằng yếu tố nguy cơ, nên viết lại thành “khi nào nên xét nghiệm cholesterol”."
medlineplus_cholesterol_levels_v1_4__cand_005__will_i_need_to_do_anything_to_prepare_for_the_test,medlineplus_cholesterol_levels_v1_4,medlineplus.gov,lipid_panel_cholesterol,Cholesterol Levels,Will I need to do anything to prepare for the test?,result_boundary,lipid / cholesterol / triglycerides,815,https://medlineplus.gov/lab-tests/cholesterol-levels/,"Will I need to do anything to prepare for the test? You may need to fast (not eat or drink) for 9 to 12 hours before your blood cholesterol test. That's why the tests are often done in the morning. Your provider will let you know if you need to fast and if there are any other special instructions. Are there any risks to the test? There is very little risk to having a blood test. You may experience slight pain or bruising at the spot where the needle was put in, but most symptoms go away quickly. What do the results mean? Cholesterol is usually measured in milligrams (mg) of cholesterol per deciliter (dL) of blood. The information below will help you understand what your test results mean. In general, low LDL levels and high HDL cholesterol levels are good for heart health. Anyone age 19 or",approve,"Duyệt: hướng dẫn chuẩn bị và quy trình lipid panel rõ, phù hợp prep guidance."
medlineplus_cholesterol_levels_v1_4__cand_006__type_of_cholesterol_healthy_level,medlineplus_cholesterol_levels_v1_4,medlineplus.gov,lipid_panel_cholesterol,Cholesterol Levels,"Type of Cholesterol
Healthy Level",result_boundary,lipid / cholesterol / triglycerides,1116,https://medlineplus.gov/lab-tests/cholesterol-levels/,"Type of Cholesterol Healthy Level Total Cholesterol Less than 170 mg/dL Non-HDL Less than 120 mg/dL LDL Less than 110 mg/dL HDL More than 45mg/dL Men age 20 or older: Type of Cholesterol Healthy Level Total Cholesterol Less than 200 mg/dL Non-HDL Less than 130 mg/dL LDL Less than 100 mg/dL HDL Greater than or equal to 60 mg/dL is best. Levels less than 40 mg/dL are considered low. Women age 20 or older: Type of Cholesterol Healthy Level Total Cholesterol Less than 200 mg/dL Non-HDL Less than 130 mg/dL LDL Less than 100 mg/dL The LDL listed on your results may say ""calculated."" This means that your LDL level is an estimate based on your total cholesterol, HDL, and triglycerides. Your LDL level may also be measured ""directly"" from your blood sample. Either way, you want your LDL number to be",revise,"Giữ nhưng cần biên tập an toàn: có ngưỡng cholesterol, cần tránh dùng để kết luận bệnh/nguy cơ cá nhân tự động."
medlineplus_cholesterol_levels_v1_4__cand_007__is_there_anything_else_i_need_to_know_about_my_cholesterol_levels,medlineplus_cholesterol_levels_v1_4,medlineplus.gov,lipid_panel_cholesterol,Cholesterol Levels,Is there anything else I need to know about my cholesterol levels?,screening_context,lipid / cholesterol / triglycerides,1180,https://medlineplus.gov/lab-tests/cholesterol-levels/,"Is there anything else I need to know about my cholesterol levels? High cholesterol can lead to heart disease, the number one cause of death in the United States. You can't change some risk factors for high cholesterol, such as age and your genes. But there are actions you can take to lower your LDL levels and reduce your risk, including: Eat a healthy diet . Reduce or avoid foods high in saturated fat and cholesterol to help lower the cholesterol levels in your blood. Manage your weight . Being overweight can increase your cholesterol and risk for heart disease. Stay active . Regular physical activity may help lower your LDL (bad) cholesterol levels and raise your HDL (good) cholesterol levels. It may also help you lose weight. Quit smoking . Smoking lowers your HDL (good) cholesterol, es",revise,Giữ nhưng cần lược bớt phần điều trị/lifestyle; chỉ dùng làm bối cảnh đọc kết quả và khuyến nghị trao đổi bác sĩ.
medlineplus_triglycerides_test_v1_4__cand_001__triglycerides_test,medlineplus_triglycerides_test_v1_4,medlineplus.gov,lipid_panel_triglycerides,Triglycerides Test,Triglycerides Test,screening_context,lipid / cholesterol / triglycerides,1174,https://medlineplus.gov/lab-tests/triglycerides-test/,"Triglycerides Test What is a triglycerides test? A triglycerides test is a blood test that measures the amount of a fat in your blood called triglycerides. High blood triglyceride levels may increase your risk for heart disease and stroke . A triglycerides test can help you decide if you need to take action to lower your risk. Some triglycerides are important for good health. Your body uses them for energy. If you eat more calories than you need, your body turns the extra calories into triglycerides and stores them in your fat cells to use later. When your body needs energy, your cells release triglycerides into your bloodstream to provide fuel for your muscles to work. But high triglyceride levels in your blood may affect your arteries and increase your risk of coronary artery disease , h",revise,"Giữ nhưng cần rút gọn: triglycerides overview dài, nên tách định nghĩa và lý do xét nghiệm."
medlineplus_triglycerides_test_v1_4__cand_002__not_getting_enough_exercise,medlineplus_triglycerides_test_v1_4,medlineplus.gov,lipid_panel_triglycerides,Triglycerides Test,Not getting enough exercise,result_boundary,lipid / cholesterol / triglycerides,1400,https://medlineplus.gov/lab-tests/triglycerides-test/,"Not getting enough exercise Having certain medical conditions, such as: Kidney or liver disease Thyroid disease Diabetes that's not well-controlled Being overweight or having obesity Alcohol use disorder (AUD) Inherited conditions (passed down through families) Taking certain medicines, such as diuretics (water pills) and some that treat breast cancer , and HIV High blood triglyceride levels usually don't cause any symptoms, so routine testing is important to help you find and treat high triglyceride levels before they harm your health. Other names for a triglycerides test: TG, TRIG, lipid panel, fasting lipoprotein panel What is it used for? A triglycerides test is used to understand your risk for heart disease, stroke, and other conditions that involve your arteries, such as peripheral a",revise,"Giữ nhưng cần nối ngữ cảnh: đoạn yếu tố nguy cơ/chỉ định bị cắt rời, cần viết lại thành item hoàn chỉnh."
medlineplus_triglycerides_test_v1_4__cand_003__why_do_i_need_a_triglycerides_test,medlineplus_triglycerides_test_v1_4,medlineplus.gov,lipid_panel_triglycerides,Triglycerides Test,Why do I need a triglycerides test?,screening_context,lipid / cholesterol / triglycerides,1569,https://medlineplus.gov/lab-tests/triglycerides-test/,"Why do I need a triglycerides test? Your provider may order a lipid profile, including a blood triglycerides test, as part of a routine checkup . If you are being treated for high cholesterol and/or triglycerides, you may also need this test to see how well your treatment is working. How often you need a lipid profile test depends on your age, sex, family history, and your risk of developing heart disease. Ask your provider how often you need to have your blood lipid levels tested. These are the general recommendations for testing blood lipid levels, including triglycerides, in healthy people: For people who are age 19 or younger: The first test should be between ages 9 and 11. Children should have the test again every 5 years. Some children may have this test starting at age 2 if there is",revise,"Giữ nhưng cần địa phương hóa và rút gọn: khuyến nghị tuổi sàng lọc theo nguồn Mỹ, không nên dùng cứng cho người Việt."
medlineplus_triglycerides_test_v1_4__cand_004__what_happens_during_a_triglycerides_test,medlineplus_triglycerides_test_v1_4,medlineplus.gov,lipid_panel_triglycerides,Triglycerides Test,What happens during a triglycerides test?,preparation_guidance,lipid / cholesterol / triglycerides,802,https://medlineplus.gov/lab-tests/triglycerides-test/,"What happens during a triglycerides test? During the test, a health care professional will take a blood sample from a vein in your arm, using a small needle. After the needle is inserted, a small amount of blood will be collected into a test tube or vial. You may feel a little sting when the needle goes in or out. This usually takes less than five minutes. Will I need to do anything to prepare for the test? You may need to fast (not eat or drink) for 9 to 12 hours before your blood is drawn. Your provider will let you know if you need to fast and if there are any special instructions to follow. Are there any risks to the test? There is very little risk to having a blood test. You may have slight pain or bruising at the spot where the needle was put in, but most symptoms go away quickly.",approve,Duyệt: hướng dẫn nhịn ăn trước triglycerides test và không tự ngừng thuốc phù hợp prep guidance.
medlineplus_triglycerides_test_v1_4__cand_005__what_do_the_results_mean,medlineplus_triglycerides_test_v1_4,medlineplus.gov,lipid_panel_triglycerides,Triglycerides Test,What do the results mean?,result_boundary,lipid / cholesterol / triglycerides,995,https://medlineplus.gov/lab-tests/triglycerides-test/,"What do the results mean? Triglycerides are usually measured in milligrams (mg) of triglycerides per deciliter (dL) of blood. The commonly used guidelines for normal and higher levels of triglycerides in adults are: Category Triglyceride levels in adults Healthy less than 150mg/dL Borderline high 150 to 199 mg/dL High 200 to 499 mg/dL Very high 500 mg/dL and higher Guidelines for children and teens are different than adults. Ask your child's provider to explain what your child's test results mean. Triglyceride levels that are higher than normal may mean you have a higher risk of heart disease, stroke, and other conditions that affect your arteries. Having high blood triglycerides also increases your risk of metabolic syndrome . Very high triglyceride levels increase your risk of sudden pan",revise,"Giữ nhưng cần biên tập: có ngưỡng triglyceride, chỉ nên dùng để giải thích tham khảo và khuyên hỏi bác sĩ."
medlineplus_triglycerides_test_v1_4__cand_006__getting_regular_physical_activity,medlineplus_triglycerides_test_v1_4,medlineplus.gov,lipid_panel_triglycerides,Triglycerides Test,Getting regular physical activity,result_boundary,lipid / cholesterol / triglycerides,877,https://medlineplus.gov/lab-tests/triglycerides-test/,"Getting regular physical activity Aiming for a healthy weight Managing stress Quitting smoking Getting enough sleep Limiting alcohol In certain cases, you may also need medicine to help lower your triglyceride levels. Before making any major changes to your diet or exercise routine, talk with your provider about what treatment is best for you. Triglyceride levels that are too low are very uncommon. Learn more about laboratory tests, reference ranges, and understanding results . Is there anything else I need to know about triglyceride tests? If your blood triglyceride levels are borderline, your provider may order another blood test called apolipoprotein B or ""apo B."" The results of this test can help your provider understand how high your risk of heart and blood vessel problems may be. Thi",revise,Giữ nhưng cần lược điều trị/lifestyle: không nên để chatbot chuyển sang tư vấn điều trị thay vì định hướng xét nghiệm.
medlineplus_liver_function_tests_v1_4__cand_001__liver_function_tests,medlineplus_liver_function_tests_v1_4,medlineplus.gov,liver_function_alt_ast_bilirubin,Liver Function Tests,Liver Function Tests,result_boundary,liver function,1511,https://medlineplus.gov/liverfunctiontests.html,"Liver Function Tests What are liver function tests? Liver function tests (also called a liver panel) use a sample of your blood to measure several substances made by your liver. The most common liver function tests measure: Albumin , a protein made in the liver. Total protein . This test measures the total amount of protein in your blood, which includes albumin and globulins. These proteins are mainly made in your liver. ALP (alkaline phosphatase), ALT (alanine transaminase), AST (aspartate aminotransferase), and GGT (gamma-glutamyl transferase). These are enzymes that are mainly made in your liver. Enzymes are proteins that speed up certain chemical reactions in your body. Bilirubin , a waste product your body makes when it breaks down old red blood cells. Your liver removes most of the b",revise,"Giữ nhưng cần rút gọn: liver function panel overview dài, tách thành “gồm xét nghiệm gì” và “dùng để làm gì”."
medlineplus_liver_function_tests_v1_4__cand_002__what_are_they_used_for,medlineplus_liver_function_tests_v1_4,medlineplus.gov,liver_function_alt_ast_bilirubin,Liver Function Tests,What are they used for?,result_boundary,liver function,845,https://medlineplus.gov/liverfunctiontests.html,"What are they used for? Liver function tests are most often used to help: Find out if liver disease or damage could be causing certain symptoms Learn how serious liver disease is after it has been diagnosed Monitor liver disease over time and/or find out how well treatment is working Check for side effects of certain medicines that can affect the liver Why do I need liver function testing? Many liver function tests are included in a common blood test called a comprehensive metabolic panel (CMP) . Your provider often orders a CMP as part of your routine checkup to screen for liver and other diseases. You may also need liver function tests if you have symptoms of liver disease or damage. These include: Nausea and vomiting Lack of appetite Fatigue Weakness Jaundice , a condition that causes y",approve,"Duyệt: liệt kê nhóm xét nghiệm trong liver panel rõ, phù hợp test explanation."
medlineplus_liver_function_tests_v1_4__cand_003__swelling_and_or_pain_in_your_abdomen_belly,medlineplus_liver_function_tests_v1_4,medlineplus.gov,liver_function_alt_ast_bilirubin,Liver Function Tests,Swelling and/or pain in your abdomen (belly),screening_context,liver function,1011,https://medlineplus.gov/liverfunctiontests.html,"Swelling and/or pain in your abdomen (belly) Swelling in your ankles and legs Dark-colored urine (pee) and/or light-colored stool (poop) Frequent itching Even if you don't have symptoms, you may need to be tested if you have a high risk for liver damage. Your risk may be high if you have: A family history of liver disease Alcohol use disorder (AUD) Obesity Diabetes Been taking certain medicines that may cause liver damage Hepatitis or have been exposed to hepatitis (swelling of the liver from infection or injury) If you already have liver disease, you may need to be tested to monitor your condition and/or to see how well your treatment is working. What happens during a liver function test? A health care professional will take a blood sample from a vein in your arm, using a small needle. Af",revise,"Giữ nhưng cần nối ngữ cảnh: đoạn triệu chứng/nguy cơ bắt đầu rời rạc, cần viết lại thành item hoàn chỉnh."
medlineplus_liver_function_tests_v1_4__cand_004__will_i_need_to_do_anything_to_prepare_for_the_test,medlineplus_liver_function_tests_v1_4,medlineplus.gov,liver_function_alt_ast_bilirubin,Liver Function Tests,Will I need to do anything to prepare for the test?,result_boundary,liver function,2156,https://medlineplus.gov/liverfunctiontests.html,"Will I need to do anything to prepare for the test? Your provider will tell you how to prepare for your test. You will probably need to fast (not eat or drink) for 10-12 hours before the test. Certain medicines can affect your test results, so be sure to tell your provider about everything you take. But don't stop taking any medicines unless your provider tells you to. Are there any risks to the test? There is very little risk to having a blood test. You may have slight pain or bruising at the spot where the needle was put in, but most symptoms go away quickly. What do the results mean? Understanding abnormal liver function test results is often complicated. So, it's best to ask your provider to explain what your results say about your health. If any of your liver function test results are",revise,"Giữ nhưng cần biên tập an toàn: kết quả LFT bất thường có nhiều nguyên nhân, không dùng như chẩn đoán."
medlineplus_cmp_v1_4__cand_001__comprehensive_metabolic_panel_cmp,medlineplus_cmp_v1_4,medlineplus.gov,cmp_liver_kidney_glucose_context,Comprehensive Metabolic Panel (CMP),Comprehensive Metabolic Panel (CMP),screening_context,glucose / HbA1c / diabetes screening,1726,https://medlineplus.gov/lab-tests/comprehensive-metabolic-panel-cmp/,"Comprehensive Metabolic Panel (CMP) What is a comprehensive metabolic panel (CMP)? A comprehensive metabolic panel (CMP) is a routine blood test that measures 14 different substances in a sample of your blood. It provides important information about your metabolism (how your body uses food and energy) and the balance of certain chemicals in your body. A CMP includes tests that measure your blood levels of: Glucose , also called "" blood sugar ."" Glucose is your body's main source of energy. Calcium . This is one of the most important minerals in your body. Most of it is stored in your bones and teeth. Having the right amount of calcium in your blood is necessary for your nerves, muscles, and heart to work properly. Sodium , potassium , bicarbonate , and chloride . These are electrolytes, el",revise,"Giữ nhưng cần rút gọn: CMP overview dài, tách thành thành phần CMP và mục đích kiểm tra."
medlineplus_cmp_v1_4__cand_002__other_names_chem_14_chemistry_panel_chemistry_screen_metabolic_panel,medlineplus_cmp_v1_4,medlineplus.gov,cmp_liver_kidney_glucose_context,Comprehensive Metabolic Panel (CMP),"Other names: chem 14, chemistry panel, chemistry screen, metabolic panel",result_boundary,glucose / HbA1c / diabetes screening,983,https://medlineplus.gov/lab-tests/comprehensive-metabolic-panel-cmp/,"Other names: chem 14, chemistry panel, chemistry screen, metabolic panel What is it used for? A CMP is commonly used as part of a routine checkup . It can provide information about your overall health and help find certain conditions before you have symptoms. For example, a CMP can check your: Liver and kidney health Blood glucose Protein levels Fluid and electrolyte balance , which can affect the acid-base balance in your blood Metabolism A CMP may also be used to help: Diagnose the cause of certain symptoms you may have Guide treatment for many diseases Check to see if treatment is working and/or if it's causing certain side effects Why do I need a CMP? Your health care provider may order a CMP as part of a routine checkup. You may also need this test if you: Have signs or symptoms that ",approve,"Duyệt: giải thích CMP dùng để kiểm tra nhiều chức năng cơ thể, phù hợp xét nghiệm tổng quát."
medlineplus_cmp_v1_4__cand_003__had_an_abnormal_cmp_result_in_the_past,medlineplus_cmp_v1_4,medlineplus.gov,cmp_liver_kidney_glucose_context,Comprehensive Metabolic Panel (CMP),Had an abnormal CMP result in the past,result_boundary,glucose / HbA1c / diabetes screening,848,https://medlineplus.gov/lab-tests/comprehensive-metabolic-panel-cmp/,"Had an abnormal CMP result in the past Are being treated for certain medical conditions and your provider wants to find out if your treatment is working and/or affecting your liver or kidneys What happens during a CMP? A health care professional will take a blood sample from a vein in your arm, using a small needle. After the needle is inserted, a small amount of blood will be collected into a test tube or vial. You may feel a little sting when the needle goes in or out. This usually takes less than five minutes. Will I need to do anything to prepare for the test? You may need to fast (not eat or drink) for several hours before the test. Are there any risks to the test? There is very little risk to having a blood test. You may have slight pain or bruising at the spot where the needle was p",revise,"Giữ nhưng cần chỉnh: phần triệu chứng/chỉ định và quy trình bị gộp, nên tách thành item nhỏ."
medlineplus_cmp_v1_4__cand_004__what_do_the_results_mean,medlineplus_cmp_v1_4,medlineplus.gov,cmp_liver_kidney_glucose_context,Comprehensive Metabolic Panel (CMP),What do the results mean?,result_boundary,glucose / HbA1c / diabetes screening,813,https://medlineplus.gov/lab-tests/comprehensive-metabolic-panel-cmp/,"What do the results mean? The results of your CMP test will usually list the levels of each of the 14 substances that were measured. To understand what your results mean, your provider will compare all the results. Your provider will also consider your health history, any medicines you take, and other things that could affect your test results. Ask your provider to explain what your CMP results say about your health. In general, if you have one or more results that aren't normal, it may be a sign of a health condition. For example, high blood glucose may be a sign of diabetes . You will likely need more tests to confirm or rule out a specific diagnosis. If you have questions about your results, talk with your provider. Learn more about laboratory tests, reference ranges, and understanding ",approve,"Duyệt: nhắc kết quả CMP bất thường không luôn đồng nghĩa bệnh và cần đọc cùng bối cảnh, rất phù hợp boundary."
medlineplus_cmp_v1_4__cand_005__is_there_anything_else_i_need_to_know_about_a_cmp,medlineplus_cmp_v1_4,medlineplus.gov,cmp_liver_kidney_glucose_context,Comprehensive Metabolic Panel (CMP),Is there anything else I need to know about a CMP?,screening_context,glucose / HbA1c / diabetes screening,376,https://medlineplus.gov/lab-tests/comprehensive-metabolic-panel-cmp/,"Is there anything else I need to know about a CMP? Another test called a basic metabolic panel (BMP) is similar to a CMP. A BMP includes 8 of the 14 tests that are part of a CMP. A BMP does not include a measurement of: Total protein Albumin Bilirubin Liver enzymes (ALP, ALT, and AST) Your provider may choose a CMP or a BMP, depending on your health history and needs.",approve,"Duyệt: so sánh BMP và CMP rõ, hữu ích khi giải thích lựa chọn xét nghiệm."
medlineplus_creatinine_test_v1_4__cand_001__creatinine_test,medlineplus_creatinine_test_v1_4,medlineplus.gov,kidney_function_creatinine_egfr,Creatinine Test,Creatinine Test,screening_context,kidney function / creatinine / eGFR,803,https://medlineplus.gov/lab-tests/creatinine-test,"Creatinine Test What is a creatinine test? This test measures creatinine levels in a sample of your blood and/or urine (pee). Creatinine is a normal waste product in your body. It's made when you use your muscles and some of the muscle tissue breaks down. Normally, your kidneys filter creatinine from your blood and remove it from your body in your urine. If there is a problem with your kidneys, creatinine can build up in your blood and less may be released in urine. If blood and/or urine creatinine levels are not normal, it may be a sign of kidney disease . Creatinine in blood may be measured by itself or as part of a group of tests called a comprehensive metabolic panel (CMP) or a basic metabolic panel (BMP) . Your health care provider may order these tests as part of a routine checkup .",approve,"Duyệt: creatinine overview rõ, phù hợp nhóm chức năng thận."
medlineplus_creatinine_test_v1_4__cand_002__other_names_blood_creatinine_serum_creatinine_urine_creatinine_kidney_function_r,medlineplus_creatinine_test_v1_4,medlineplus.gov,kidney_function_creatinine_egfr,Creatinine Test,"Other names: blood creatinine, serum creatinine, urine creatinine, kidney function, renal function",result_boundary,kidney function / creatinine / eGFR,2305,https://medlineplus.gov/lab-tests/creatinine-test,"Other names: blood creatinine, serum creatinine, urine creatinine, kidney function, renal function What is it used for? A creatinine test is used to help: Check the health of your kidneys Diagnose kidney disease Monitor known kidney problems and see how well treatment is working Check for side effects from medicines that may affect your kidneys Creatinine testing alone isn't the best way to check how well your kidneys are working. That's because people make different amounts creatinine depending on how much muscle they have, the foods they eat, their age, and how active they are. So, the results from creatinine testing are often used in calculations or compared with other substances to help get more information: Creatinine levels in blood are often used to calculate how fast your kidneys f",revise,"Giữ nhưng cần rút gọn: giải thích creatinine/eGFR và mục đích xét nghiệm hơi dài, nên tách theo chủ đề."
medlineplus_creatinine_test_v1_4__cand_003__why_do_i_need_a_creatinine_test,medlineplus_creatinine_test_v1_4,medlineplus.gov,kidney_function_creatinine_egfr,Creatinine Test,Why do I need a creatinine test?,screening_context,kidney function / creatinine / eGFR,856,https://medlineplus.gov/lab-tests/creatinine-test,"Why do I need a creatinine test? Your provider may order a creatinine test: To check your kidney health as part of a routine checkup. If you have symptoms of kidney disease. Symptoms may include: Swelling in the hands and feet or puffy eyelids Dry skin, itching , or numbness Fatigue Increased or decreased need to urinate (pee) Urine that is bloody or foamy Loss of appetite and weight loss Muscle cramps Nausea and vomiting Shortness of breath Sleep problems Trouble thinking clearly If you have a high risk for developing kidney disease , even if you don't have symptoms now. Chronic (long-term) kidney disease (CKD) often doesn't have symptoms in the early stages. Your risk for kidney disease is increased if you: Have diabetes Have high blood pressure Have a family health history of kidney dis",approve,"Duyệt: triệu chứng/chỉ định kiểm tra creatinine/kidney function khá rõ, phù hợp hỏi làm rõ."
medlineplus_creatinine_test_v1_4__cand_004__have_heart_disease,medlineplus_creatinine_test_v1_4,medlineplus.gov,kidney_function_creatinine_egfr,Creatinine Test,Have heart disease,result_boundary,kidney function / creatinine / eGFR,1745,https://medlineplus.gov/lab-tests/creatinine-test,"Have heart disease Are over 50 years old Smoke Have obesity If you have kidney problems or possible kidney problems because you have: Had an abnormal result on a kidney test in the past Been diagnosed with kidney disease Taken certain medicines that could affect your kidneys Had a kidney transplant What happens during a creatinine test? For a creatinine blood test: A health care professional will take a blood sample from a vein in your arm, using a small needle. After the needle is inserted, a small amount of blood will be collected into a test tube or vial. You may feel a little sting when the needle goes in or out. This usually takes less than five minutes. For a creatinine urine test: You may need to provide all the urine you pass over 24 hours. That's because creatinine levels vary thr",revise,"Giữ nhưng cần gọt: có đoạn yếu tố nguy cơ và quy trình, nên tách thành indication và procedure."
medlineplus_creatinine_test_v1_4__cand_005__will_i_need_to_do_anything_to_prepare_for_the_test,medlineplus_creatinine_test_v1_4,medlineplus.gov,kidney_function_creatinine_egfr,Creatinine Test,Will I need to do anything to prepare for the test?,result_boundary,kidney function / creatinine / eGFR,822,https://medlineplus.gov/lab-tests/creatinine-test,"Will I need to do anything to prepare for the test? Your provider will let you know how to prepare for your test. You may be told to not eat meat for 24 hours before your test. That's because meat can temporarily increase creatinine levels. If creatinine is being measured as part of a CMP or a BMP test, you may need to fast (not eat or drink) for up to 12 hours before your test. Certain medicines and supplements can affect your test results. So be sure to tell your provider everything you're taking. But don't stop taking any medicine unless your provider tells you to stop. Are there any risks to the test? There is very little risk to having a blood test. You may have slight pain or bruising at the spot where the needle was put in, but most symptoms go away quickly. There is no risk to havi",approve,Duyệt: hướng dẫn chuẩn bị xét nghiệm creatinine và không tự ngừng thuốc phù hợp prep guidance.
medlineplus_creatinine_test_v1_4__cand_006__what_do_the_results_mean,medlineplus_creatinine_test_v1_4,medlineplus.gov,kidney_function_creatinine_egfr,Creatinine Test,What do the results mean?,result_boundary,kidney function / creatinine / eGFR,1014,https://medlineplus.gov/lab-tests/creatinine-test,"What do the results mean? Creatinine levels that are considered normal for you will depend on how much muscle you have, what you eat, your age, and how active you are. If you're healthy, your levels are usually fairly stable over time. But a normal creatinine test result doesn't always mean that your kidneys are healthy. Sometimes, blood creatinine levels remain in a normal range during the early stages of kidney disease. They rise as the condition of your kidneys becomes more serious. If your provider suspects you have a kidney condition, you will likely have other kidney tests even if your creatinine results seem normal. If your results are abnormal, a single high creatinine test can't diagnose a specific condition. You will likely need to be retested and/or have other tests, too. In gen",approve,"Duyệt: nêu rõ creatinine thường được đọc cùng eGFR và xét nghiệm khác, phù hợp result-boundary."
medlineplus_creatinine_test_v1_4__cand_007__a_condition_that_affects_your_kidneys_such_as_heart_failure_or_diabetes,medlineplus_creatinine_test_v1_4,medlineplus.gov,kidney_function_creatinine_egfr,Creatinine Test,"A condition that affects your kidneys, such as heart failure or diabetes",result_boundary,kidney function / creatinine / eGFR,1013,https://medlineplus.gov/lab-tests/creatinine-test,"A condition that affects your kidneys, such as heart failure or diabetes High blood creatinine levels don't always mean you have a kidney problem. They may be caused by dehydration , muscle disorders and injuries, muscular dystrophy , intense exercise, or a diet high in meat. Certain health problems in pregnancy can also cause increases in creatinine. Low for you , it may be a sign of malnutrition or a condition that causes your muscles to get smaller, such as a long illness, a nerve disorder, or muscle loss from aging. Serious liver disease can also lead to low levels. Low levels of blood creatinine aren't common. If your results from creatinine blood or urine tests were used to calculate an eGFR, creatinine clearance, and/or a urine albumin to creatinine ratio, ask your provider to expla",revise,"Giữ nhưng cần biên tập an toàn: liệt kê nguyên nhân creatinine cao/thấp, tránh biến thành chẩn đoán."
medlineplus_gfr_test_v1_4__cand_001__glomerular_filtration_rate_gfr_test,medlineplus_gfr_test_v1_4,medlineplus.gov,kidney_function_egfr,Glomerular Filtration Rate (GFR) Test,Glomerular Filtration Rate (GFR) Test,result_boundary,kidney function / creatinine / eGFR,1323,https://medlineplus.gov/lab-tests/glomerular-filtration-rate-gfr-test/,"Glomerular Filtration Rate (GFR) Test What is a glomerular filtration rate (GFR) test? A glomerular filtration rate (GFR) test is a blood test that checks how well your kidneys are working. Your kidneys are two organs on either side of your spine near your waist. They have tiny filters called glomeruli. These filters remove waste and extra water from your blood and gets rid of them through urine (pee). If your kidneys have been damaged by kidney disease , they can't filter your blood as fast as they should. A GFR test checks for kidney disease by measuring how much blood your kidneys filter each minute. GFR can be measured directly, but it is a complicated test to do. So health care providers usually estimate GFR based on the amount of certain waste substances in your blood. An estimated G",approve,"Duyệt: eGFR overview rõ, phù hợp chức năng thận."
medlineplus_gfr_test_v1_4__cand_002__age,medlineplus_gfr_test_v1_4,medlineplus.gov,kidney_function_egfr,Glomerular Filtration Rate (GFR) Test,Age,result_boundary,kidney function / creatinine / eGFR,806,https://medlineplus.gov/lab-tests/glomerular-filtration-rate-gfr-test/,"Age Weight Height Sex This information is put into a mathematical formula, called a GFR calculator, to find your eGFR. eGFR may also be calculated using the level of cystatin C in your blood. This is a protein that many cells in your body make. Cystatin C levels are not affected by muscle size, age, or diet, so some researchers think cystatin C provides a more accurate estimate of GFR than creatinine. In certain cases, creatinine and cystatin levels are both used to calculate eGFR in adults. Other names: estimated GFR, eGFR, calculated glomerular filtration rate, cGFR What is it used for? A GFR test is used to: Screen for kidney disease in people without symptoms Help diagnose kidney disease in a people who have symptoms Help find out how serious kidney disease is Monitor people who:",revise,"Giữ nhưng cần rút gọn: giải thích eGFR/creatinine và risk dài, nên tách thành các item nhỏ."
medlineplus_gfr_test_v1_4__cand_003__have_chronic_kidney_disease_ckd_to_see_if_treatment_is_helping,medlineplus_gfr_test_v1_4,medlineplus.gov,kidney_function_egfr,Glomerular Filtration Rate (GFR) Test,Have chronic kidney disease (CKD) to see if treatment is helping,screening_context,kidney function / creatinine / eGFR,883,https://medlineplus.gov/lab-tests/glomerular-filtration-rate-gfr-test/,"Have chronic kidney disease (CKD) to see if treatment is helping Take medicines that could harm their kidneys Check kidney health before people start certain treatments that could affect their kidneys Why do I need a GFR test? Early-stage kidney disease doesn't usually cause symptoms, so you may have an eGFR test to check your kidney health as part of a routine exam. You may also need this test if you have a high risk of getting kidney disease. Your risk may be higher if you: Have diabetes Have high blood pressure Have a family health history of kidney disease, diabetes, or high blood pressure Have heart disease Are over 50 years old Smoke Have obesity If you have a condition that increases you risk of kidney disease, ask your provider how often you should get tested. Later stage kidney di",revise,"Giữ nhưng cần chỉnh: chỉ định eGFR/kidney disease có nhiều yếu tố nguy cơ, nên dùng để hỏi làm rõ chứ không tự kết luận."
medlineplus_gfr_test_v1_4__cand_004__swelling_in_your_legs_feet_ankles_or_hands_or_face,medlineplus_gfr_test_v1_4,medlineplus.gov,kidney_function_egfr,Glomerular Filtration Rate (GFR) Test,"Swelling in your legs, feet, ankles, or hands or face",result_boundary,kidney function / creatinine / eGFR,922,https://medlineplus.gov/lab-tests/glomerular-filtration-rate-gfr-test/,"Swelling in your legs, feet, ankles, or hands or face Urinating (peeing) more often or less often than usual Dry skin and/or itching Fatigue Muscle cramps Nausea and vomiting Loss of appetite What happens during a GFR test? A health care professional will take a blood sample from a vein in your arm, using a small needle. After the needle is inserted, a small amount of blood will be collected into a test tube or vial. You may feel a little sting when the needle goes in or out. This usually takes less than five minutes. Will I need to do anything to prepare for the test? Your provider will let you know how to prepare for your test. You may need to fast (not eat or drink) or avoid certain foods for several hours before the test. Certain medicines can affect your results. So be sure to tell yo",approve,"Duyệt: quy trình, chuẩn bị và rủi ro xét nghiệm eGFR rõ, phù hợp prep guidance."
medlineplus_gfr_test_v1_4__cand_005__are_there_any_risks_to_the_test,medlineplus_gfr_test_v1_4,medlineplus.gov,kidney_function_egfr,Glomerular Filtration Rate (GFR) Test,Are there any risks to the test?,result_boundary,kidney function / creatinine / eGFR,1099,https://medlineplus.gov/lab-tests/glomerular-filtration-rate-gfr-test/,"Are there any risks to the test? There is very little risk to having a blood test. You may have slight pain or bruising at the spot where the needle was put in, but most symptoms go away quickly. What do the results mean? Your eGFR results may be reported as a number that shows how much blood your kidneys filter per minute. Your test results may also give your creatinine level and/or your cystatin C level. Ask your provider to explain what your eGFR says about your kidney health. An eGFR isn't a perfect test and may not always reflect kidney damage. It's also possible to have an abnormal result even if you don't have kidney damage. In general: A normal eGFR means that you probably don't have kidney disease. An eGFR that's below normal or low may mean that you may have kidney disease. A ver",revise,"Giữ nhưng cần biên tập an toàn: có mốc eGFR và khả năng CKD, chỉ dùng làm giải thích tham khảo, cần bác sĩ xác nhận."
medlineplus_gfr_test_v1_4__cand_006__is_there_anything_else_i_need_to_know_about_a_gfr_test,medlineplus_gfr_test_v1_4,medlineplus.gov,kidney_function_egfr,Glomerular Filtration Rate (GFR) Test,Is there anything else I need to know about a GFR test?,result_boundary,kidney function / creatinine / eGFR,640,https://medlineplus.gov/lab-tests/glomerular-filtration-rate-gfr-test/,Is there anything else I need to know about a GFR test? Your provider may order other tests that check your kidney health . These tests may be ordered with an eGFR or to find the cause of an abnormal eGFR result. They include: A protein in urine test . Protein in urine is a sign of kidney damage. A microalbumin creatinine ratio test . This test checks for very small amounts of a protein called albumin in a sample of your urine. Albumin in urine may be one of the first signs of kidney disease. A BUN (blood urea nitrogen) . BUN is a waste product your kidneys remove from blood. The test checks BUN levels in a sample of your blood.,approve,"Duyệt: nêu eGFR là ước tính và có thể cần xét nghiệm thêm, phù hợp boundary."
medlineplus_kidney_tests_v1_4__cand_001__nih_national_institute_of_diabetes_and_digestive_and_kidney_diseases,medlineplus_kidney_tests_v1_4,medlineplus.gov,kidney_function_creatinine_egfr_urine_albumin,Kidney Tests,NIH: National Institute of Diabetes and Digestive and Kidney Diseases,result_boundary,kidney function / creatinine / eGFR,808,https://medlineplus.gov/kidneytests.html,NIH: National Institute of Diabetes and Digestive and Kidney Diseases Start Here Chronic Kidney Disease Tests and Diagnosis (National Kidney Disease Education Program) Testing for Chronic Kidney Disease (Centers for Disease Control and Prevention) Tests for Kidney Disease (American Kidney Fund) Specifics Abdominal Ultrasound (American College of Radiology; Radiological Society of North America) Albumin Blood Test (National Library of Medicine) Basic Metabolic Panel (BMP) (National Library of Medicine) BUN (Blood Urea Nitrogen) (National Library of Medicine) Calcium Blood Test (National Library of Medicine) Calcium in Urine Test (National Library of Medicine) Chloride Blood Test (National Library of Medicine) Comprehensive Metabolic Panel (CMP) (National Library of Medicine),reject,"Loại: danh sách bài liên quan/Patient Handouts, không phải tri thức y tế trực tiếp."
medlineplus_kidney_tests_v1_4__cand_002__creatinine_test,medlineplus_kidney_tests_v1_4,medlineplus.gov,kidney_function_creatinine_egfr_urine_albumin,Kidney Tests,Creatinine Test,preparation_guidance,kidney function / creatinine / eGFR,866,https://medlineplus.gov/kidneytests.html,Creatinine Test (National Library of Medicine) Cystoscopy and Ureteroscopy (National Institute of Diabetes and Digestive and Kidney Diseases) Fasting for a Blood Test (National Library of Medicine) Glomerular Filtration Rate (GFR) Test (National Library of Medicine) Intravenous Pyelogram (IVP) (National Library of Medicine) Kidney Biopsy (National Institute of Diabetes and Digestive and Kidney Diseases) Kidney Stone Analysis (National Library of Medicine) Magnesium Blood Test (National Library of Medicine) Phosphate in Blood (National Library of Medicine) Phosphate in Urine (National Library of Medicine) Protein Electrophoresis by Immunofixation Blood Test (National Library of Medicine) Total Protein and Albumin/Globulin (A/G) Ratio (National Library of Medicine) Urinalysis: MedlinePlus He,reject,"Loại: danh sách xét nghiệm liên quan và footer, không phù hợp làm KB item."
medlineplus_urinalysis_v1_4__cand_001__whether_there_are_cells_crystals_and_casts_tube_shaped_proteins,medlineplus_urinalysis_v1_4,medlineplus.gov,urinalysis_urine_protein_glucose_uti_kidney_context,Urinalysis,"Whether there are cells, crystals, and casts (tube-shaped proteins)",result_boundary,glucose / HbA1c / diabetes screening,856,https://medlineplus.gov/urinalysis.html,"Whether there are cells, crystals, and casts (tube-shaped proteins) Whether it contains bacteria or other germs Start Here Urinalysis (Mayo Foundation for Medical Education and Research) Diagnosis and Tests Epithelial Cells in Urine (National Library of Medicine) Mucus in Urine (National Library of Medicine) Specifics Bacteria Culture Test (National Library of Medicine) Bilirubin in Urine (National Library of Medicine) Blood in Urine (National Library of Medicine) Crystals in Urine (National Library of Medicine) Foamy Urine: What Does It Mean? (Mayo Foundation for Medical Education and Research) Nitrites in Urine (National Library of Medicine) Protein in Urine (National Library of Medicine) Urine Color (Mayo Foundation for Medical Education and Research) Urine Odor (Mayo Foundation for Med",reject,"Loại: metadata “Last reviewed/How helpful”, không phải nội dung KB."
medlineplus_urinalysis_v1_4__cand_002__urine_test_dipstick_for_parents,medlineplus_urinalysis_v1_4,medlineplus.gov,urinalysis_urine_protein_glucose_uti_kidney_context,Urinalysis,Urine Test: Dipstick (For Parents),screening_context,glucose / HbA1c / diabetes screening,626,https://medlineplus.gov/urinalysis.html,Urine Test: Dipstick (For Parents) (Nemours Foundation) Urine Tests (For Parents) (Nemours Foundation) Teenagers Blood in the Urine (Hematuria) (Nemours Foundation) Patient Handouts Bilirubin - urine (Medical Encyclopedia) Clean catch urine sample (Medical Encyclopedia) Glucose urine test (Medical Encyclopedia) Ketones urine test (Medical Encyclopedia) RBC urine test (Medical Encyclopedia) Urinalysis (Medical Encyclopedia) Urine odor (Medical Encyclopedia) Urine pH test (Medical Encyclopedia) Urine protein dipstick test (Medical Encyclopedia) Urine specific gravity test (Medical Encyclopedia),reject,"Loại: footer/điều hướng MedlinePlus, không phải tri thức y tế."
medlineplus_microalbumin_creatinine_ratio_v1_4__cand_001__microalbumin_creatinine_ratio,medlineplus_microalbumin_creatinine_ratio_v1_4,medlineplus.gov,urine_albumin_kidney_monitoring,Microalbumin Creatinine Ratio,Microalbumin Creatinine Ratio,screening_context,kidney function / creatinine / eGFR,1209,https://medlineplus.gov/lab-tests/microalbumin-creatinine-ratio/,"Microalbumin Creatinine Ratio What is a microalbumin creatinine ratio test? A microalbumin creatinine ratio urine test checks the levels of the protein albumin in your urine (pee). Abnormal amounts of this protein may be an early sign of kidney disease . Your kidneys are two organs on either side of your spine near your waist. Filters in your kidneys remove waste and extra water from your blood and gets rid of them through urine. Albumin, however, is not a waste product. It is a common protein found in blood. Therefore, very little, if any, of it should pass into your urine. In healthy kidneys, only a trace of albumin, at most, will get through the filters. This trace is often called microalbumin. But if your kidneys are damaged, large amounts of albumin may pass into your urine. Creatinin",approve,"Duyệt: urinalysis overview rõ, phù hợp nhóm nước tiểu/thận/UTI."
medlineplus_microalbumin_creatinine_ratio_v1_4__cand_002__other_names_albumin_creatinine_ratio_urine_albumin_microalbumin_urine_acr_uacr,medlineplus_microalbumin_creatinine_ratio_v1_4,medlineplus.gov,urine_albumin_kidney_monitoring,Microalbumin Creatinine Ratio,"Other names: albumin-creatinine ratio; urine albumin; microalbumin, urine; ACR; UACR",result_boundary,kidney function / creatinine / eGFR,1387,https://medlineplus.gov/lab-tests/microalbumin-creatinine-ratio/,"Other names: albumin-creatinine ratio; urine albumin; microalbumin, urine; ACR; UACR What is it used for? A microalbumin creatinine ratio test is most often used to look for signs of kidney disease in people who have a high risk of developing it but don't have symptoms. You're more likely to develop kidney disease if you: Have diabetes Have high blood pressure Have a family health history of kidney disease, diabetes, or high blood pressure Have heart disease Are over 50 years old Smoke Have obesity A microalbumin creatinine ratio test may be used to monitor your kidneys if you have been diagnosed with kidney disease. It can also help your provider see how well any treatment for kidney disease is working. Why do I need a microalbumin creatinine ratio test? Early kidney disease usually doesn",approve,"Duyệt: giải thích mục đích urinalysis và tình huống chỉ định, phù hợp test explanation."
medlineplus_microalbumin_creatinine_ratio_v1_4__cand_003__what_happens_during_a_microalbumin_creatinine_ratio_test,medlineplus_microalbumin_creatinine_ratio_v1_4,medlineplus.gov,urine_albumin_kidney_monitoring,Microalbumin Creatinine Ratio,What happens during a microalbumin creatinine ratio test?,result_boundary,kidney function / creatinine / eGFR,2495,https://medlineplus.gov/lab-tests/microalbumin-creatinine-ratio/,"What happens during a microalbumin creatinine ratio test? There are several ways to collect a urine sample for a microalbumin creatinine ratio test: A ""random"" or ""spot"" urine sample means that you collect a single urine sample at any time of the day. You will usually collect this sample at your provider's office or at a medical lab. An early morning or timed urine sample is collected first thing in the morning or after not going to the bathroom for four hours. You'll likely be given a kit and instructions on how to collect your urine at home. A 24-hour urine sample requires you to collect all your urine over a 24-hour period. This test is usually used to follow up on abnormal results from a test on a single sample of urine. A 24-hour urine test is the most accurate way to measure albumin ",revise,"Giữ nhưng cần gọt: phần cách lấy mẫu nước tiểu khá chi tiết, nên chuẩn hóa thành hướng dẫn lấy mẫu an toàn/ngắn."
medlineplus_microalbumin_creatinine_ratio_v1_4__cand_004__what_happens_during_a_microalbumin_creatinine_ratio_test,medlineplus_microalbumin_creatinine_ratio_v1_4,medlineplus.gov,urine_albumin_kidney_monitoring,Microalbumin Creatinine Ratio,What happens during a microalbumin creatinine ratio test?,preparation_guidance,kidney function / creatinine / eGFR,416,https://medlineplus.gov/lab-tests/microalbumin-creatinine-ratio/,"During the collection period, store the urine container in a refrigerator or in a cooler with ice. 24 hours after starting the test, try to urinate if you can. This is the last urine collection for the test. Return the container with your urine to your provider's office or the laboratory as instructed. If you have hemorrhoids that bleed or are having your menstrual period, tell your provider before your test.",revise,Giữ nhưng cần biên tập: danh sách chất trong nước tiểu hữu ích nhưng cần tách và tránh diễn giải chẩn đoán.
medlineplus_microalbumin_creatinine_ratio_v1_4__cand_005__will_i_need_to_do_anything_to_prepare_for_the_test,medlineplus_microalbumin_creatinine_ratio_v1_4,medlineplus.gov,urine_albumin_kidney_monitoring,Microalbumin Creatinine Ratio,Will I need to do anything to prepare for the test?,result_boundary,kidney function / creatinine / eGFR,2331,https://medlineplus.gov/lab-tests/microalbumin-creatinine-ratio/,"Will I need to do anything to prepare for the test? Before providing your urine sample, you may need to avoid: Intense exercise. Hard exercise may increase the amount of albumin in your urine for a short time. Eating meat. Meat can affect your creatine levels, so you may be asked not to eat any for a day before your test. Check with your provider about how to prepare for your test. Be sure to ask if any medicines or supplements you take could affect your results. Are there any risks to the test? There is no known risk to providing a urine sample for a microalbumin creatinine ratio test. What do the results mean? If your microalbumin creatinine ratio shows an abnormal amount of albumin in your urine, you will likely need more tests to confirm your results. That's because temporary increases",revise,"Giữ nhưng cần biên tập an toàn: phần kết quả có máu/WBC/bilirubin và nguyên nhân, không dùng như chẩn đoán."
niddk_albuminuria_v1_4__cand_001__home,niddk_albuminuria_v1_4,niddk.nih.gov,urine_albumin_ckd_screening_context,Albuminuria: Albumin in the Urine,Home,result_boundary,urinalysis / urine albumin,953,https://www.niddk.nih.gov/health-information/kidney-disease/chronic-kidney-disease-ckd/tests-diagnosis/albuminuria-albumin-urine,"Home Health Information Kidney Disease Chronic Kidney Disease (CKD) Tests & Diagnosis Albuminuria: Albumin in the Urine English Español Albuminuria: Albumin in the Urine On this page: What is albuminuria? Why is urine albumin important? How is albuminuria detected? How can albuminuria be reduced? Clinical Trials What is albuminuria? Albuminuria is a sign of kidney disease and means that you have too much albumin in your urine. Albumin is a protein found in the blood. A healthy kidney doesn’t let albumin pass from the blood into the urine. A damaged kidney lets some albumin pass into the urine. The less albumin in your urine, the better. Sometimes albuminuria is also called proteinuria. A healthy kidney doesn’t let albumin pass into the urine. A damaged kidney lets some albumin pass into th",approve,"Duyệt: kết quả và rủi ro microalbumin/urine albumin nêu ở mức boundary, phù hợp kidney monitoring context."
niddk_albuminuria_v1_4__cand_002__why_is_urine_albumin_important,niddk_albuminuria_v1_4,niddk.nih.gov,urine_albumin_ckd_screening_context,Albuminuria: Albumin in the Urine,Why is urine albumin important?,result_boundary,urinalysis / urine albumin,1996,https://www.niddk.nih.gov/health-information/kidney-disease/chronic-kidney-disease-ckd/tests-diagnosis/albuminuria-albumin-urine,"Why is urine albumin important? Measurement of urine albumin is an important tool for diagnosing kidney disease monitoring the progression of kidney disease Health care providers regularly test people for albuminuria as part of a routine medical exam and will closely monitor urine albumin in people with kidney disease. A urine albumin level that stays the same or goes down may mean that treatments are working. Treatment that lowers the urine albumin level may lower the chances that kidney disease will progress to kidney failure. People who have diabetes, high blood pressure, heart disease, or a family history of kidney failure are at risk for kidney disease. Talk with your health care provider about how often you should get a urine test for albumin. How is albuminuria detected? A health ca",approve,"Duyệt: urine albumin/CKD monitoring overview rõ, phù hợp nhóm thận."
niddk_albuminuria_v1_4__cand_003__how_can_albuminuria_be_reduced,niddk_albuminuria_v1_4,niddk.nih.gov,urine_albumin_ckd_screening_context,Albuminuria: Albumin in the Urine,How can albuminuria be reduced?,screening_context,urinalysis / urine albumin,841,https://www.niddk.nih.gov/health-information/kidney-disease/chronic-kidney-disease-ckd/tests-diagnosis/albuminuria-albumin-urine,"How can albuminuria be reduced? You may be able to reduce the amount of albumin in your urine by taking medicines that lower blood pressure called ACE inhibitors or ARBs . The names of these medicines end in -pril or -sartan. You may also be able to protect your kidneys and reduce albuminuria by working with a registered dietitian who can help you plan meals and change your eating habits. The meal plan may help you lose weight, if you are overweight avoid foods high in sodium or salt eat the right amounts and types of protein Meet with a dietitian who can help you plan meals and change your eating habits. Clinical Trials The National Institute of Diabetes and Digestive and Kidney Diseases (NIDDK) and other components of the National Institutes of Health (NIH) conduct and support research i",revise,Giữ nhưng cần lược phần điều trị/dinh dưỡng; chỉ dùng làm ngữ cảnh xét nghiệm và theo dõi thận.
niddk_albuminuria_v1_4__cand_004__what_are_clinical_trials_and_are_they_right_for_you,niddk_albuminuria_v1_4,niddk.nih.gov,urine_albumin_ckd_screening_context,Albuminuria: Albumin in the Urine,"What are clinical trials, and are they right for you?",result_boundary,urinalysis / urine albumin,1016,https://www.niddk.nih.gov/health-information/kidney-disease/chronic-kidney-disease-ckd/tests-diagnosis/albuminuria-albumin-urine,"What are clinical trials, and are they right for you? Clinical trials are part of clinical research and at the heart of all medical advances. Clinical trials look at new ways to prevent, detect, or treat disease. Researchers also use clinical trials to look at other aspects of care, such as improving the quality of life for people with chronic illnesses. Find out if clinical trials are right for you . What clinical trials are open? Clinical trials that are currently open and are recruiting can be viewed at ClinicalTrials.gov . Last Reviewed October 2016 X WhatsApp Reddit Pinterest This content is provided as a service of the National Institute of Diabetes and Digestive and Kidney Diseases (NIDDK), part of the National Institutes of Health. NIDDK translates and disseminates research finding",reject,Loại: clinical trials và hướng dẫn tham gia nghiên cứu không thuộc phạm vi KB tư vấn xét nghiệm.
medlineplus_thyroid_tests_v1_4__cand_001__thyroid_tests,medlineplus_thyroid_tests_v1_4,medlineplus.gov,thyroid_tests_tsh_t4,Thyroid Tests,Thyroid Tests,result_boundary,thyroid testing,994,https://medlineplus.gov/thyroidtests.html,"Thyroid Tests Summary Your thyroid is a small, butterfly-shaped gland in the front of your neck. It makes hormones that control the way the body uses energy. These hormones affect nearly every organ in your body and control many of your body's most important functions. For example, they affect your breathing, heart rate, weight, digestion, and moods. Thyroid tests check how well your thyroid is working. They are also used to diagnose and help find the cause of thyroid diseases such as hyperthyroidism and hypothyroidism . Thyroid tests include blood tests and imaging tests. Blood tests for your thyroid include: TSH . It measures thyroid-stimulating hormone. This is usually the first test your healthcare provider will order. T3 and T4 . They measure the level of the different thyroid hormone",revise,"Giữ nhưng cần gọt: eGFR và urine albumin hữu ích, nhưng phần xét nghiệm khác nên tách rõ theo nhóm."
medlineplus_thyroid_tests_v1_4__cand_002__ct_scans,medlineplus_thyroid_tests_v1_4,medlineplus.gov,thyroid_tests_tsh_t4,Thyroid Tests,CT scans,screening_context,thyroid testing,861,https://medlineplus.gov/thyroidtests.html,"CT scans Ultrasound Nuclear medicine tests , including: Thyroid scan. It uses small amounts of radioactive material to create a picture of the thyroid, showing its size, shape, and position. It can help find the cause of hyperthyroidism and check for thyroid nodules (lumps in the thyroid). Radioactive iodine uptake test, or thyroid uptake test. It checks how well your thyroid is working and can help find the cause of hyperthyroidism. NIH: National Institute of Diabetes and Digestive and Kidney Diseases Learn More Calcitonin Test (National Library of Medicine) Thyroid Antibodies (National Library of Medicine) Thyroid Function Tests (American Thyroid Association) Thyroid Scan and Uptake (American College of Radiology; Radiological Society of North America) Thyroid Tests (National Institute o",reject,"Loại: CT scan/nuclear scan/biopsy là chẩn đoán hình ảnh/thủ thuật, ngoài scope xét nghiệm tại nhà hiện tại."
medlineplus_thyroid_tests_v1_4__cand_003__patient_handouts,medlineplus_thyroid_tests_v1_4,medlineplus.gov,thyroid_tests_tsh_t4,Thyroid Tests,Patient Handouts,screening_context,thyroid testing,536,https://medlineplus.gov/thyroidtests.html,Patient Handouts Antithyroglobulin antibody test (Medical Encyclopedia) Fine needle aspiration of the thyroid (Medical Encyclopedia) Free T4 test (Medical Encyclopedia) Radioactive iodine uptake (Medical Encyclopedia) T3 test (Medical Encyclopedia) T3RU test (Medical Encyclopedia) TBG blood test (Medical Encyclopedia) Thyroid peroxidase antibody (Medical Encyclopedia) Thyroid scan (Medical Encyclopedia) Thyroid ultrasound (Medical Encyclopedia) TSH test (Medical Encyclopedia) TSI test (Medical Encyclopedia),reject,"Loại: Patient Handouts/related links là danh sách điều hướng, không phải nội dung KB."
medlineplus_tsh_test_v1_4__cand_001__tsh_thyroid_stimulating_hormone_test,medlineplus_tsh_test_v1_4,medlineplus.gov,tsh_thyroid_screening,TSH (Thyroid-stimulating hormone) Test,TSH (Thyroid-stimulating hormone) Test,screening_context,thyroid testing,1323,https://medlineplus.gov/lab-tests/tsh-thyroid-stimulating-hormone-test,"TSH (Thyroid-stimulating hormone) Test What is a TSH Test? TSH stands for thyroid stimulating hormone . Another name for it is thyrotropin. A TSH test is a blood test that measures this hormone. A TSH level that is too high or too low may be a sign of a thyroid problem . The thyroid is a small, butterfly-shaped gland in the front of your neck. Your thyroid makes hormones that control how your body uses energy. Thyroid hormones affect nearly every organ and control many of your body's most important functions. For example, they affect your breathing, heart rate, weight, digestion, and even your mood. If you don't have enough thyroid hormones in your blood, many of your body functions will slow down. But if you have too much, many body functions will speed up. Your thyroid is controlled by a",revise,"Giữ nhưng cần rút gọn: TSH overview dài, nên tách định nghĩa TSH và mục đích xét nghiệm."
medlineplus_tsh_test_v1_4__cand_002__other_names_thyrotropin_test_thyrotropic_hormone,medlineplus_tsh_test_v1_4,medlineplus.gov,tsh_thyroid_screening,TSH (Thyroid-stimulating hormone) Test,"Other names: thyrotropin test, thyrotropic hormone",screening_context,thyroid testing,1037,https://medlineplus.gov/lab-tests/tsh-thyroid-stimulating-hormone-test,"Other names: thyrotropin test, thyrotropic hormone What is it used for? A TSH test is used to find out how well your thyroid is working. It can tell if you have hyperthyroidism (too much thyroid hormone) or hypothyroidism (too little thyroid hormone) in your blood. But a TSH test can't show what is causing a thyroid problem. If you take prescription thyroid hormone medicine because of hypothyroidism or because you had your thyroid removed, you'll have regular TSH tests to check your thyroid hormone levels. This testing is done to check that you are taking the right dose of the medicine. TSH tests are also used to monitor your thyroid hormone levels after treatment for hyperthyroidism. Why do I need a TSH test? You may need a TSH test if you have symptoms of too much or too little thyroid h",approve,"Duyệt: giải thích TSH dùng để đánh giá chức năng tuyến giáp, phù hợp test explanation."
medlineplus_tsh_test_v1_4__cand_003__weight_loss_even_though_you_may_be_eating_more_than_usual,medlineplus_tsh_test_v1_4,medlineplus.gov,tsh_thyroid_screening,TSH (Thyroid-stimulating hormone) Test,"Weight loss, even though you may be eating more than usual",screening_context,thyroid testing,825,https://medlineplus.gov/lab-tests/tsh-thyroid-stimulating-hormone-test,"Weight loss, even though you may be eating more than usual Rapid or irregular heartbeat Feeling nervous or irritable Trouble sleeping Fatigue Shaky hands , muscle weakness Sweating or being very sensitive to heat Frequent bowel movements (pooping a lot) or diarrhea Goiter (enlarged thyroid that may cause your neck to look swollen) Adults over age 60 may have different symptoms than younger adults. For example, they may lose their appetite or withdraw from other people. Sometimes, this can be mistaken for depression or dementia . Hypothyroidism (too little thyroid hormone) is also called underactive thyroid. Not having enough thyroid hormone slows down your body functions and causes symptoms that can vary from person to person. The symptoms may include: Fatigue Weight gain Being very sensit",revise,"Giữ nhưng cần nối ngữ cảnh: danh sách triệu chứng bắt đầu rời rạc, nên viết lại thành “khi nào nên xét nghiệm TSH”."
medlineplus_tsh_test_v1_4__cand_004__joint_and_muscle_pain,medlineplus_tsh_test_v1_4,medlineplus.gov,tsh_thyroid_screening,TSH (Thyroid-stimulating hormone) Test,Joint and muscle pain,result_boundary,thyroid testing,834,https://medlineplus.gov/lab-tests/tsh-thyroid-stimulating-hormone-test,"Joint and muscle pain Dry skin Dry, thinning hair Heavy or irregular menstrual periods Fertility problems in women Depression Constipation Because hypothyroidism develops slowly, many people don't notice symptoms of the disease for months or even years. You may also have a TSH test and other tests to help diagnose unusual bumps or lumps on your thyroid. The tests will help your health care provider check for thyroid cancer or thyroid nodules (growths on your thyroid that aren't cancer). What happens during a TSH test? A health care professional will take a blood sample from a vein in your arm, using a small needle. After the needle is inserted, a small amount of blood will be collected into a test tube or vial. You may feel a little sting when the needle goes in or out. This usually takes ",revise,"Giữ nhưng cần biên tập: triệu chứng và quy trình xét nghiệm gộp trong một item, nên tách nhỏ."
medlineplus_tsh_test_v1_4__cand_005__will_i_need_to_do_anything_to_prepare_for_the_test,medlineplus_tsh_test_v1_4,medlineplus.gov,tsh_thyroid_screening,TSH (Thyroid-stimulating hormone) Test,Will I need to do anything to prepare for the test?,result_boundary,thyroid testing,1015,https://medlineplus.gov/lab-tests/tsh-thyroid-stimulating-hormone-test,"Will I need to do anything to prepare for the test? You may need to stop taking certain medicines before this test, so tell your provider about everything you take. But don't stop taking any medicines unless your provider tells you to. If your health care provider has ordered other blood tests, you may need to fast (not eat or drink) for several hours before the test. Your provider will let you know if there are any special instructions. Are there any risks to the test? There is very little risk to having a blood test. You may have slight pain or bruising at the spot where the needle was put in, but most symptoms go away quickly. What do the results mean? Your TSH test results can tell you if your thyroid is making too much or too little hormones. But the test can't explain why your TSH le",approve,"Duyệt: hướng dẫn chuẩn bị TSH và nguyên tắc đọc kết quả cùng bác sĩ, phù hợp prep/result boundary."
medlineplus_tsh_test_v1_4__cand_006__t4_thyroid_hormone_test,medlineplus_tsh_test_v1_4,medlineplus.gov,tsh_thyroid_screening,TSH (Thyroid-stimulating hormone) Test,T4 thyroid hormone test,result_boundary,thyroid testing,1521,https://medlineplus.gov/lab-tests/tsh-thyroid-stimulating-hormone-test,"T4 thyroid hormone test T3 thyroid hormone test Thyroid antibodies test to help diagnose an autoimmune thyroid disorder, such as: Graves' disease, the most common cause of hyperthyroidism Hashimoto's disease, that the most common cause of hypothyroidism In certain cases, an abnormal TSH result may be a sign of a pituitary gland problem , but this doesn't happen often. Learn more about laboratory tests, reference ranges, and understanding results . Is there anything else I need to know about a TSH test? Your TSH level may be high or low even when your thyroid gland is healthy. For example, the following can affect your TSH level: Some serious illnesses (that are not related to your thyroid) may cause a lower TSH level for a short time. The TSH level may be higher in people over age 80, even",revise,Giữ nhưng cần gọt: nội dung về xét nghiệm bổ sung và yếu tố ảnh hưởng TSH hữu ích nhưng cần tách khỏi link/reference.
medlineplus_t4_test_v1_4__cand_001__thyroxine_t4_test,medlineplus_t4_test_v1_4,medlineplus.gov,t4_thyroid_testing,Thyroxine (T4) Test,Thyroxine (T4) Test,result_boundary,thyroid testing,1945,https://medlineplus.gov/lab-tests/thyroxine-t4-test/,"Thyroxine (T4) Test What is a thyroxine (T4) test? Thyroxine is also called T4. T4 is a hormone that your thyroid gland makes. A T4 test measures the level of T4 in a sample of your blood. Too much or too little T4 may be a sign of a thyroid problem . Your thyroid is a small, butterfly-shaped gland in the front of your neck. It makes hormones that control the way your body uses energy. These hormones affect nearly every organ in your body and control many of your body's most important functions. For example, they affect your breathing, heart rate, weight, digestion, and mood. In children, thyroid hormones affect growth, too. T4 is the main hormone that your thyroid makes. There are two forms of it in your blood: Free T4 is the active form of thyroxine hormone that enters your body tissues ",revise,"Giữ nhưng cần rút gọn: T4 overview dài, nên tách free T4/total T4 và mục đích xét nghiệm."
medlineplus_t4_test_v1_4__cand_002__what_is_it_used_for,medlineplus_t4_test_v1_4,medlineplus.gov,t4_thyroid_testing,Thyroxine (T4) Test,What is it used for?,result_boundary,thyroid testing,1349,https://medlineplus.gov/lab-tests/thyroxine-t4-test/,"What is it used for? A T4 test is usually used with other thyroid tests to help diagnose and monitor thyroid disease and to gather more information about other conditions that may affect your thyroid. It may be used to: Diagnose: Hypothyroidism , or underactive thyroid, which is when your thyroid gland doesn't make enough thyroid hormone to meet your body's needs. Hyperthyroidism , or overactive thyroid, which is when your thyroid gland makes more thyroid hormone than your body needs. Help learn more about: Other thyroid conditions , such as if you have thyroid nodules (growths on your thyroid that aren't cancer) or a goiter (an enlarged thyroid that may make your neck look swollen). Sometimes these conditions can cause high T4 levels. Disorders of your pituitary gland , abnormal T4 levels",approve,"Duyệt: giải thích T4 dùng với xét nghiệm tuyến giáp khác để chẩn đoán/theo dõi, phù hợp test explanation."
medlineplus_t4_test_v1_4__cand_003__why_do_i_need_a_thyroxine_t4_test,medlineplus_t4_test_v1_4,medlineplus.gov,t4_thyroid_testing,Thyroxine (T4) Test,Why do I need a thyroxine (T4) test?,result_boundary,thyroid testing,826,https://medlineplus.gov/lab-tests/thyroxine-t4-test/,"Why do I need a thyroxine (T4) test? You may need a T4 test if: You had abnormal results on a TSH test. You have symptoms of hypothyroidism. Not having enough thyroid hormone slows down your body functions. The symptoms can vary from person to person and may include: Fatigue Weight gain Being very sensitive to cold Joint and muscle pain Dry skin Dry, thinning hair Heavy or irregular menstrual periods Fertility problems in women Slow heart rate Depression Constipation You have symptoms of hyperthyroidism. Having too much thyroid hormone speeds up your body functions. The symptoms can vary from person to person and may include: Weight loss, even though you may be eating more than usual Rapid or irregular heartbeat Feeling nervous or irritable Trouble sleeping Fatigue Shaky hands , muscle wea",revise,"Giữ nhưng cần nối ngữ cảnh: triệu chứng hypo/hyperthyroid bị liệt kê dài, nên viết lại thành item chỉ định xét nghiệm."
medlineplus_t4_test_v1_4__cand_004__sweating_or_being_very_sensitive_to_heat,medlineplus_t4_test_v1_4,medlineplus.gov,t4_thyroid_testing,Thyroxine (T4) Test,Sweating or being very sensitive to heat,result_boundary,thyroid testing,1300,https://medlineplus.gov/lab-tests/thyroxine-t4-test/,"Sweating or being very sensitive to heat Frequent bowel movements (pooping a lot) or diarrhea Goiter A member of your family has had thyroid disease. Thyroid disease tends to run in families. You're taking thyroid hormone medicine for hypothyroidism. A T4 test may be used to check how well your treatment is working. You have symptoms that could be caused by another thyroid condition or a problem with your pituitary gland. What happens during a thyroxine (T4) test? A health care professional will take a blood sample from a vein in your arm, using a small needle. After the needle is inserted, a small amount of blood will be collected into a test tube or vial. You may feel a little sting when the needle goes in or out. This usually takes less than five minutes. Will I need to do anything to p",revise,"Giữ nhưng cần chỉnh: đoạn bắt đầu giữa danh sách triệu chứng rồi chuyển sang quy trình, cần làm sạch trước promote."
medlineplus_t4_test_v1_4__cand_005__are_there_any_risks_to_the_test,medlineplus_t4_test_v1_4,medlineplus.gov,t4_thyroid_testing,Thyroxine (T4) Test,Are there any risks to the test?,result_boundary,thyroid testing,862,https://medlineplus.gov/lab-tests/thyroxine-t4-test/,"Are there any risks to the test? There is very little risk to having a blood test. You may have slight pain or bruising at the spot where the needle was put in, but most symptoms go away quickly. What do the results mean? If you had a free T4 test, your test results may be reported as ""free T4."" If you had a total T4 test, your results may be reported as ""free T4 index (FTI)."" FTI is the amount of free T4 in your blood based on a calculation using your total T4 test results. To fully understand your results, your provider will usually need to compare them with the results of other thyroid tests. So, it's best to talk with your provider about what your results mean. In general, T4 results that are lower than normal may be a sign of: Hypothyroidism Hashimoto's disease , an autoimmune disorde",approve,"Duyệt: giải thích đọc kết quả T4 cần so sánh với xét nghiệm tuyến giáp khác, phù hợp boundary."
medlineplus_t4_test_v1_4__cand_006__certain_stages_of_thyroiditis_inflammation_of_the_thyroid,medlineplus_t4_test_v1_4,medlineplus.gov,t4_thyroid_testing,Thyroxine (T4) Test,Certain stages of thyroiditis (inflammation of the thyroid),result_boundary,thyroid testing,827,https://medlineplus.gov/lab-tests/thyroxine-t4-test/,"Certain stages of thyroiditis (inflammation of the thyroid) A pituitary problem (uncommon) or getting too much or too little iodine in your diet Congenital hypothyroidism Low T4 levels may also be caused by treatment for hyperthyroidism or thyroid cancer , including thyroid radiation therapy , radioactive iodine, and surgery to remove all or part of your thyroid. In general, T4 results that are higher than normal may be a sign of: Hyperthyroidism Graves' disease , an autoimmune disorder that causes your immune system to attack your thyroid Certain stages of thyroiditis Toxic goiter, an enlarged thyroid that makes too much thyroid hormone Toxic thyroid nodule, a lump growing in the thyroid that makes large amounts of thyroid hormone on its own Too much iodine, which is found in certain medi",revise,"Giữ nhưng cần biên tập an toàn: liệt kê nguyên nhân T4 cao/thấp, tránh chatbot kết luận nguyên nhân."
medlineplus_t4_test_v1_4__cand_007__a_noncancerous_not_cancer_tumor_in_your_pituitary_gland,medlineplus_t4_test_v1_4,medlineplus.gov,t4_thyroid_testing,Thyroxine (T4) Test,A noncancerous (not cancer) tumor in your pituitary gland,result_boundary,thyroid testing,928,https://medlineplus.gov/lab-tests/thyroxine-t4-test/,"A noncancerous (not cancer) tumor in your pituitary gland Taking too much thyroid hormone medicine to treat hypothyroidism A pituitary problem (uncommon) If your T4 results are abnormal, you may need more testing to find the cause. But abnormal T4 levels don't always mean you have a medical condition that needs treatment. Many things can affect your T4 levels, including severe illness and certain medicines, such as birth control pills and steroids . Learn more about laboratory tests, reference ranges, and understanding results . Is there anything else I need to know about a thyroxine (T4) test? Thyroid disease can develop during pregnancy , but it's not common. If this happens, your provider will treat you, if necessary. After you give birth, you'll usually have your thyroid checked again.",approve,"Duyệt: nêu nhiều yếu tố có thể ảnh hưởng T4 và cần xét nghiệm thêm, phù hợp giải thích kết quả an toàn."
niddk_thyroid_tests_v1_4__cand_001__home,niddk_thyroid_tests_v1_4,niddk.nih.gov,thyroid_tests_tsh_t4_t3,Thyroid Tests,Home,result_boundary,thyroid testing,842,https://www.niddk.nih.gov/health-information/diagnostic-tests/thyroid,"Home Health Information Diagnostic Tests Thyroid Tests English Español Thyroid Tests Health care professionals use thyroid tests to check how well your thyroid is working and to find the cause of problems such as hyperthyroidism or hypothyroidism. The thyroid is a small, butterfly-shaped gland in the front of your neck that makes two thyroid hormones : thyroxine (T 4 ) and triiodothyronine (T 3 ). Thyroid hormones control how the body uses energy, so they affect nearly every organ in your body, even your heart. The thyroid is a small, butterfly-shaped gland in your neck. Thyroid tests help health care professionals diagnose thyroid diseases such as hyperthyroidism —when thyroid hormone levels are too high Graves’ disease , the most common cause of hyperthyroidism hypothyroidism —when thyro",revise,"Giữ nhưng cần làm sạch: có phần điều hướng “Home/Health Information”, nội dung thyroid tests hữu ích."
niddk_thyroid_tests_v1_4__cand_002__hashimoto_s_disease_of_the_most_common_cause_of_hypothyroidism,niddk_thyroid_tests_v1_4,niddk.nih.gov,thyroid_tests_tsh_t4_t3,Thyroid Tests,"Hashimoto’s disease , of the most common cause of hypothyroidism",result_boundary,thyroid testing,1347,https://www.niddk.nih.gov/health-information/diagnostic-tests/thyroid,"Hashimoto’s disease , of the most common cause of hypothyroidism thyroid nodules and thyroid cancer Your doctor will start with blood tests and may also order imaging tests. What blood tests do doctors use to check thyroid function? Doctors may order one or more blood tests to check your thyroid function. Tests may include thyroid stimulating hormone (TSH), T 4 , T 3 , and thyroid antibody tests. Thyroid blood tests check your thyroid function. For these tests, a health care professional will draw blood from your arm and send it to a lab for testing. Your doctor will talk to you about your test results. TSH test Health care professionals usually check the amount of TSH in your blood first. TSH is a hormone made in the pituitary gland that tells the thyroid how much T 4 and T 3 to make. A h",revise,"Giữ nhưng cần chỉnh: đoạn bắt đầu bằng Hashimoto và chuyển sang TSH, cần viết lại thành item tự chứa về thyroid blood tests."
niddk_thyroid_tests_v1_4__cand_003__t_4_tests,niddk_thyroid_tests_v1_4,niddk.nih.gov,thyroid_tests_tsh_t4_t3,Thyroid Tests,T 4 tests,screening_context,thyroid testing,829,https://www.niddk.nih.gov/health-information/diagnostic-tests/thyroid,"T 4 tests A high blood level of T 4 may mean you have hyperthyroidism. A low level of T 4 may mean you have hypothyroidism. In some cases, high or low T 4 levels may not mean you have thyroid problems. If you are pregnant or are taking oral contraceptives , your thyroid hormone levels will be higher. Severe illness or using corticosteroids —medicines to treat asthma, arthritis, skin conditions, and other health problems—can lower T 4 levels. These conditions and medicines change the amount of proteins in your blood that “bind,” or attach, to T 4 . Bound T 4 is kept in reserve in the blood until it’s needed. “Free” T 4 is not bound to these proteins and is available to enter body tissues. Because changes in binding protein levels don’t affect free T 4 levels, many healthcare professionals p",approve,"Duyệt: giải thích T4 cao/thấp cần đọc trong bối cảnh thuốc/mang thai/bệnh nặng, phù hợp boundary."
niddk_thyroid_tests_v1_4__cand_004__t_3_test,niddk_thyroid_tests_v1_4,niddk.nih.gov,thyroid_tests_tsh_t4_t3,Thyroid Tests,T 3 test,result_boundary,thyroid testing,1208,https://www.niddk.nih.gov/health-information/diagnostic-tests/thyroid,"T 3 test If your health care professional thinks you may have hyperthyroidism even though your T 4 level is normal, you may have a T 3 test to confirm the diagnosis. Sometimes T 4 is normal yet T 3 is high, so measuring both T 4 and T 3 levels can be useful in diagnosing hyperthyroidism. Thyroid antibody tests Measuring levels of thyroid antibodies may help diagnose an autoimmune thyroid disorder such as Graves’ disease —the most common cause of hyperthyroidism—and Hashimoto’s disease —the most common cause of hypothyroidism. Thyroid antibodies are made when your immune system attacks the thyroid gland by mistake. Your health care professional may order thyroid antibody tests if the results of other blood tests suggest thyroid disease. What imaging tests do doctors use to diagnose and find",revise,"Giữ nhưng cần tách: T3 và thyroid antibodies hữu ích, nhưng cuối đoạn chuyển sang imaging; nên giữ phần blood tests thôi."
niddk_thyroid_tests_v1_4__cand_005__ultrasound,niddk_thyroid_tests_v1_4,niddk.nih.gov,thyroid_tests_tsh_t4_t3,Thyroid Tests,Ultrasound,screening_context,thyroid testing,1812,https://www.niddk.nih.gov/health-information/diagnostic-tests/thyroid,"Ultrasound Ultrasound of the thyroid is most often used to look for, or more closely at, thyroid nodules. Thyroid nodules are lumps in your neck. Ultrasound can help your doctor tell if the nodules are more likely to be cancerous. For an ultrasound, you will lie on an exam table and a technician will run a device called a transducer over your neck. The transducer bounces safe, painless sound waves off your neck to make pictures of your thyroid. The ultrasound usually takes around 30 minutes. During an ultrasound, a transducer bounces sound waves off the neck to make images of the thyroid. Thyroid scan Health care professionals use a thyroid scan to look at the size, shape, and position of the thyroid gland. This test uses a small amount of radioactive iodine to help find the cause of hyper",reject,"Loại khỏi batch hiện tại: ultrasound/CT là chẩn đoán hình ảnh, không phải xét nghiệm lab tại nhà."
niddk_thyroid_tests_v1_4__cand_006__radioactive_iodine_uptake_test,niddk_thyroid_tests_v1_4,niddk.nih.gov,thyroid_tests_tsh_t4_t3,Thyroid Tests,Radioactive iodine uptake test,screening_context,thyroid testing,1263,https://www.niddk.nih.gov/health-information/diagnostic-tests/thyroid,"Radioactive iodine uptake test A radioactive iodine uptake test, also called a thyroid uptake test, can help check thyroid function and find the cause of hyperthyroidism. The thyroid “takes up” iodine from the blood to make thyroid hormones, which is why this is called an uptake test. Your health care professional may ask you to avoid foods high in iodine, such as kelp, or medicines containing iodine for a week before the test. For this test, you will swallow a small amount of radioactive iodine in liquid or capsule form. During the test, you will sit in a chair while a technician places a device called a gamma probe in front of your neck, near your thyroid gland. The probe measures how much radioactive iodine your thyroid takes up from your blood. Measurements are often taken 4 to 6 hours",reject,"Loại khỏi batch hiện tại: radioactive iodine uptake/scan là thủ thuật chuyên khoa, không phù hợp prototype xét nghiệm cơ bản."
niddk_thyroid_tests_v1_4__cand_007__what_tests_do_doctors_use_if_i_have_a_thyroid_nodule,niddk_thyroid_tests_v1_4,niddk.nih.gov,thyroid_tests_tsh_t4_t3,Thyroid Tests,What tests do doctors use if I have a thyroid nodule?,result_boundary,thyroid testing,880,https://www.niddk.nih.gov/health-information/diagnostic-tests/thyroid,"What tests do doctors use if I have a thyroid nodule? If your health care professional finds a nodule or lump in your neck during a physical exam or on thyroid imaging tests, you may have a fine needle aspiration biopsy to see if the lump is cancerous or noncancerous. For this test, you will lie on an exam table and slightly bend your neck backward. A technician will clean your neck with an antiseptic and may use medicine to numb the area. An endocrinologist who treats people with endocrine gland problems like thyroid disease, or a specially trained radiologist, will place a needle through the skin and use ultrasound to guide the needle to the nodule. Small samples of tissue from the nodule will be sent to a lab for testing. This procedure usually takes less than 30 minutes. Your health ca",reject,"Loại khỏi batch hiện tại: thyroid fine needle biopsy là thủ thuật xâm lấn/chuyên khoa, ngoài scope HomeLab hiện tại."
niddk_thyroid_tests_v1_4__cand_008__last_reviewed_may_2017,niddk_thyroid_tests_v1_4,niddk.nih.gov,thyroid_tests_tsh_t4_t3,Thyroid Tests,Last Reviewed May 2017,result_boundary,thyroid testing,643,https://www.niddk.nih.gov/health-information/diagnostic-tests/thyroid,"Last Reviewed May 2017 X WhatsApp Reddit Pinterest This content is provided as a service of the National Institute of Diabetes and Digestive and Kidney Diseases (NIDDK), part of the National Institutes of Health. NIDDK translates and disseminates research findings to increase knowledge and understanding about health and disease among patients, health professionals, and the public. Content produced by NIDDK is carefully reviewed by NIDDK scientists and other experts. The NIDDK would like to thank: COL Henry B. Burch, MD, Chair, Endocrinology Division and Professor of Medicine, Uniformed Services University of the Health Sciences",reject,"Loại: footer/metadata “Page last reviewed/Contact Us”, không phải nội dung KB."
